TIPO,MARCA,EQUIPO,NO_SERIE,DESCRIPCION,PROPIEDAD,ESTATUS
1,1,VOSTRO 3470,2VNHJV2,"COMPUTADORA DELL VOSTRO 3470 CORE-I5 8400 8A GENERACION MEMORIA RAM DE 4GB DDR4 2666MHZ HASTA 32GB OPCIONAL DISCO DURO DE 1TB 3.5"" (7200RPM) SATA TARJETA DE VIDEO INTEGRADA INTEL UHD 630 UNIDAD MULTIMEDIA DVD+/-RW W10PRO GARANTIA 1 AÑO",ARRENDADO,ACTIVO
2,1,E2016HV,2284CX2 / CN-07XJH5-FCC00-964-AL2U-A05,"MONITOR LED DELL 20 E2016HW / 19.5"" 1600 X 900 / 60 HZ / SOLO TIENE CONEXIÓN VGA",ARRENDADO,ACTIVO
1,1,VOSTRO 3470,2VLRJV2 ,"COMPUTADORA DELL VOSTRO 3470 CORE-I5 8400 8A GENERACION MEMORIA RAM DE 4GB DDR4 2666MHZ HASTA 32GB OPCIONAL DISCO DURO DE 1TB 3.5"" (7200RPM) SATA TARJETA DE VIDEO INTEGRADA INTEL UHD 630 UNIDAD MULTIMEDIA DVD+/-RW W10PRO GARANTIA 1 AÑO",ARRENDADO,ACTIVO
2,1,E2016HV,J184CX2 / CN-07XJH5- FCC00-964-AL0U-A05,"MONITOR LED DELL 20 E2016HW / 19.5"" 1600 X 900 / 60 HZ / SOLO TIENE CONEXIÓN VGA",ARRENDADO,ACTIVO
1,1,OPTIPLEX 3080,B65NK93,Computadora Dell optiplex 3000 3080 intel core i5 10a Gen i5 10500 Hexa core (6 core) 3.10 GHZ 8 GB Ram DDR4 SDRAM 1TB HDD formato pequeño negro windows 10 Pro 64 bit intel DDR4 SDRAM fabadora DVD español teclado 200W ,ARRENDADO,ACTIVO
2,1,E2020H,F5JGF23,"Monitor Dell E2020H 19.5"" LED 1600X900 VGA/DP 3WTY (INCLUYE CABLE)",ARRENDADO,ACTIVO
1,1,OPTIPLEX 3080,41FGK93,Computadora Dell optiplex 3000 3080 intel core i5 10a Gen i5 10500 Hexa core (6 core) 3.10 GHZ 8 GB Ram DDR4 SDRAM 1TB HDD formato pequeño negro windows 10 Pro 64 bit intel DDR4 SDRAM fabadora DVD español teclado 200W ,ARRENDADO,ACTIVO
2,1,E2020H,DLFGF23,"Monitor Dell E2020H 19.5"" LED 1600X900 VGA/DP 3WTY (INCLUYE CABLE)",ARRENDADO,ACTIVO
1,1,VOSTRO 3470,CV01RX2,"COMPUTADORA DELL VOSTRO 3470 CORE-I5 8400 8A GENERACION MEMORIA RAM DE 4GB DDR4 2666MHZ HASTA 32GB OPCIONAL DISCO DURO DE 1TB 3.5"" (7200RPM) SATA TARJETA DE VIDEO INTEGRADA INTEL UHD 630 UNIDAD MULTIMEDIA DVD+/-RW W10PRO GARANTIA 1 AÑO",ARRENDADO,ACTIVO
2,1,E2016HV,7494CX2,"MONITOR LED DELL 20 E2016HW / 19.5"" 1600 X 900 / 60 HZ / SOLO TIENE CONEXIÓN VGA",ARRENDADO,ACTIVO
3,1,LATITUDE 3410,FLFTC63,"Portatil Dell Latitude 3000 3410 39.6 (15.6"") HD 1366X768 intel core i5 (10a gen) i5-10210U Quad-core (4 core) 1.60 Ghz 8 gb Ram 1TB HDD negro windows 10 Pro intel UHD Graphics torsion nemática (TN) español teclado IEEE 802.11 ax wireless LAN standard incluye mochila",ARRENDADO,ACTIVO
3,1,VOSTRO 5471,17MXM42,"COMPUTADORA PORTATIL DELL VOSTRO 5471 PROCESADOR CORE I5 8250U MEMORIA 4GB + 16OPTANE DISCO DURO 1TB PANTALLA DE 14"" W10PRO 1 DE GARANTIA  ",ARRENDADO,ACTIVO
4,2,MFC7360N,U62700M2N837520,,ARRENDADO,ACTIVO
4,3,FX-890,NZBY045846,IMPRESORA DE MATRIZ DE PUNTOS,PROPIO,ACTIVO
5,3,VPLEX,5141889,,PROPIO,ACTIVO
1,1,OPTIPLEX 3080,418CK93,Computadora Dell optiplex 3000 3080 intel core i5 10a Gen i5 10500 Hexa core (6 core) 3.10 GHZ 8 GB Ram DDR4 SDRAM 1TB HDD formato pequeño negro windows 10 Pro 64 bit intel DDR4 SDRAM fabadora DVD español teclado 200W ,ARRENDADO,ACTIVO
2,1,E2020H,DHGGF23,"Monitor Dell E2020H 19.5"" LED 1600X900 VGA/DP 3WTY (INCLUYE CABLE)",ARRENDADO,ACTIVO
6,5,KXNT551X,9KBTI128426,Panasonic Teléfono IP KX-NT551X Alámbrico 8 Teclas Programables Altavoz NEGRO,PROPIO,ACTIVO
3,1,VOSTRO 3468,13SK5L2,"DELL VOSTRO 3468 CI3 6006U 8GB RAM 1TB DD DVD 14""",PROPIO,ACTIVO
1,1,VOSTRO 3470,HNQCZT2,"COMPUTADORA DELL VOSTRO 3470 CORE-I5 8400 8A GENERACION MEMORIA RAM DE 4GB DDR4 2666MHZ HASTA 32GB OPCIONAL DISCO DURO DE 1TB 3.5"" (7200RPM) SATA TARJETA DE VIDEO INTEGRADA INTEL UHD 630 UNIDAD MULTIMEDIA DVD+/-RW W10PRO GARANTIA 1 AÑO",ARRENDADO,ACTIVO
2,1,E2016HV,4284CX2 / 5FCC00964AL4U,"MONITOR LED DELL 20 E2016HW / 19.5"" 1600 X 900 / 60 HZ / SOLO TIENE CONEXIÓN VGA",ARRENDADO,ACTIVO
4,3,FX-890,NZBY128450,IMPRESORA DE MATRIZ DE PUNTOS,PROPIO,ACTIVO
4,6,LASSERJET PRO MFP M125A,CNB6H7H3FL,,PROPIO,ACTIVO
1,1,VOSTRO 3470,2TSLJV2,"COMPUTADORA DELL VOSTRO 3470 CORE-I5 8400 8A GENERACION MEMORIA RAM DE 4GB DDR4 2666MHZ HASTA 32GB OPCIONAL DISCO DURO DE 1TB 3.5"" (7200RPM) SATA TARJETA DE VIDEO INTEGRADA INTEL UHD 630 UNIDAD MULTIMEDIA DVD+/-RW W10PRO GARANTIA 1 AÑO",ARRENDADO,STOCK
2,1,E2016HV,5FCC00964C9UU,"MONITOR LED DELL 20 E2016HW / 19.5"" 1600 X 900 / 60 HZ / SOLO TIENE CONEXIÓN VGA",ARRENDADO,STOCK
1,1,VOSTRO 3267,61KYVP2,DELL VOSTRO 3267 CI3 6100 3.7GHZ 4GB DE RAM 1TB DD DVDRW,ARRENDADO,ACTIVO
2,1,E2016HV,1QM1ZP2 / 5FCC0086NA4OU,HPFS-651 - MONITOR LED DELL 20 E2016HV / 19.5 PULGADAS/ 1600 X 900 / 60 HZ,ARRENDADO,ACTIVO
1,1,OPTIPLEX 3080,B6B7K93,Computadora Dell optiplex 3000 3080 intel core i5 10a Gen i5 10500 Hexa core (6 core) 3.10 GHZ 8 GB Ram DDR4 SDRAM 1TB HDD formato pequeño negro windows 10 Pro 64 bit intel DDR4 SDRAM fabadora DVD español teclado 200W ,ARRENDADO,ACTIVO
2,1,E2020H,61GGF23,"Monitor Dell E2020H 19.5"" LED 1600X900 VGA/DP 3WTY (INCLUYE CABLE)",ARRENDADO,ACTIVO
1,6,280 G2,4CE6421CVD,HP280 G2 CORE I3-6100 3.7 GHz 4GB RAM 1TB HD DVDRW GbNIC,PROPIO,ACTIVO
6,5,KXNT551X,9KBTI128627,Panasonic Teléfono IP KX-NT551X Alámbrico 8 Teclas Programables Altavoz NEGRO,PROPIO,ACTIVO
3,1,VOSTRO 5471,G2MXM42,"COMPUTADORA PORTATIL DELL VOSTRO 5471 PROCESADOR CORE I5 8250U MEMORIA 4GB + 16OPTANE DISCO DURO 1TB PANTALLA DE 14"" W10PRO 1 DE GARANTIA  ",ARRENDADO,ACTIVO
2,7,E2070SW,AQPK81A007769,,PROPIO,ACTIVO
6,5,KXNT551X,OAATJ130587,Panasonic Teléfono IP KX-NT551X Alámbrico 8 Teclas Programables Altavoz NEGRO,PROPIO,ACTIVO
6,5,KXNT551X,9KBTI128403,Panasonic Teléfono IP KX-NT551X Alámbrico 8 Teclas Programables Altavoz NEGRO,PROPIO,ACTIVO
3,6,ZBOOK 15v G5,CND0527RCW,"Workstation HP ZBOOK 15v G5 15.6"" intel core i7 9750H (hasta 4.5Ghz) memoria 8gb DDR4 disco duro de 1 TB pantalla de 15.6"" Led video Nvidia Quadro P600 S.O. Windows 10 PRO (64 bits) incluye mochila incremento de Ram a 32 gb",ARRENDADO,ACTIVO
1,1,VOSTRO 3470,CZPJZT2,"COMPUTADORA DELL VOSTRO 3470 CORE-I5 8400 8A GENERACION MEMORIA RAM DE 4GB DDR4 2666MHZ HASTA 32GB OPCIONAL DISCO DURO DE 1TB 3.5"" (7200RPM) SATA TARJETA DE VIDEO INTEGRADA INTEL UHD 630 UNIDAD MULTIMEDIA DVD+/-RW W10PRO GARANTIA 1 AÑO",ARRENDADO,ACTIVO
2,1,E2016HV,4894CX2 / CN-07XJH5-FCC00-964-CAHU-A05,"MONITOR LED DELL 20 E2016HW / 19.5"" 1600 X 900 / 60 HZ / SOLO TIENE CONEXIÓN VGA",ARRENDADO,ACTIVO
2,8,V206HQL,MMLY6AM0015411622F8504,,PROPIO,ACTIVO
3,1,VOSTRO 3468,J2CH1P2,PORTATIL DELL VOTRO 14-3468 PROCESADOR CI5 7200U DD 1TB RAM 8GB W10P,ARRENDADO,ACTIVO
6,5,KXNT551X,9KBTI128586,Panasonic Teléfono IP KX-NT551X Alámbrico 8 Teclas Programables Altavoz NEGRO,PROPIO,ACTIVO
3,1,LATITUDE 3410,HMTQC63 ,"Portatil Dell Latitude 3000 3410 39.6 (15.6"") HD 1366X768 intel core i5 (10a gen) i5-10210U Quad-core (4 core) 1.60 Ghz 8 gb Ram 1TB HDD negro windows 10 Pro intel UHD Graphics torsion nemática (TN) español teclado IEEE 802.11 ax wireless LAN standard incluye mochila",ARRENDADO,ACTIVO
3,1,LATITUDE 3410,BMFTC63,"Portatil Dell Latitude 3000 3410 39.6 (15.6"") HD 1366X768 intel core i5 (10a gen) i5-10210U Quad-core (4 core) 1.60 Ghz 8 gb Ram 1TB HDD negro windows 10 Pro intel UHD Graphics torsion nemática (TN) español teclado IEEE 802.11 ax wireless LAN standard incluye mochila",ARRENDADO,ACTIVO
3,1,LATITUDE 3410,29GTC63,"Portatil Dell Latitude 3000 3410 39.6 (15.6"") HD 1366X768 intel core i5 (10a gen) i5-10210U Quad-core (4 core) 1.60 Ghz 8 gb Ram 1TB HDD negro windows 10 Pro intel UHD Graphics torsion nemática (TN) español teclado IEEE 802.11 ax wireless LAN standard incluye mochila",ARRENDADO,ACTIVO
7,9,NI,2170000000000,,PROPIO,ACTIVO
1,1,VOSTRO 3470,HWFLZT2,"COMPUTADORA DELL VOSTRO 3470 CORE-I5 8400 8A GENERACION MEMORIA RAM DE 4GB DDR4 2666MHZ HASTA 32GB OPCIONAL DISCO DURO DE 1TB 3.5"" (7200RPM) SATA TARJETA DE VIDEO INTEGRADA INTEL UHD 630 UNIDAD MULTIMEDIA DVD+/-RW W10PRO GARANTIA 1 AÑO",ARRENDADO,ACTIVO
2,1,E2016HV,5Z74CX2 / CN-07XJH5-FCC00-964-AJGU-A05,"MONITOR LED DELL 20 E2016HW / 19.5"" 1600 X 900 / 60 HZ / SOLO TIENE CONEXIÓN VGA",ARRENDADO,ACTIVO
3,1,LATITUDE 3440,860S1Z1,Latitude 3440 Core I5-4200U CPU 1.60GHz 8GB RAM 500GB HD,PROPIO,ACTIVO
1,1,VOSTRO 3470,CRCXQX2,"COMPUTADORA DELL VOSTRO 3470 CORE-I5 8400 8A GENERACION MEMORIA RAM DE 4GB DDR4 2666MHZ HASTA 32GB OPCIONAL DISCO DURO DE 1TB 3.5"" (7200RPM) SATA TARJETA DE VIDEO INTEGRADA INTEL UHD 630 UNIDAD MULTIMEDIA DVD+/-RW W10PRO GARANTIA 1 AÑO",ARRENDADO,ACTIVO
2,1,E2016HV,2745GS2 / CN-07XJH5-FCC00-8BM-APDU-A05,MONITOR LED DELL 20 E2016HV/ 19.5¨ 1600x900/ 60 HZ /SOLO TIENE CONEXIO VGA,ARRENDADO,ACTIVO
6,5,KXNT551X,OAATJ130182,Panasonic Teléfono IP KX-NT551X Alámbrico 8 Teclas Programables Altavoz NEGRO,PROPIO,ACTIVO
3,1,VOSTRO 5471,30MXM42,"COMPUTADORA PORTATIL DELL VOSTRO 5471 PROCESADOR CORE I5 8250U MEMORIA 4GB + 16OPTANE DISCO DURO 1TB PANTALLA DE 14"" W10PRO 1 DE GARANTIA  ",ARRENDADO,ACTIVO
4,3,FX-890,E8BY248891,,PROPIO,ACTIVO
4,10,SCX-3405,Z729B8KCBC005NN,,PROPIO,STOCK
1,1,VOSTRO 3470,CT5ZQX2,"COMPUTADORA DELL VOSTRO 3470 CORE-I5 8400 8A GENERACION MEMORIA RAM DE 4GB DDR4 2666MHZ HASTA 32GB OPCIONAL DISCO DURO DE 1TB 3.5"" (7200RPM) SATA TARJETA DE VIDEO INTEGRADA INTEL UHD 630 UNIDAD MULTIMEDIA DVD+/-RW W10PRO GARANTIA 1 AÑO",ARRENDADO,ACTIVO
2,1,E2016HV,1794CX2 / 5FCC00964C9VU,"MONITOR LED DELL 20 E2016HW / 19.5"" 1600 X 900 / 60 HZ / SOLO TIENE CONEXIÓN VGA",ARRENDADO,ACTIVO
4,3,FX-890,NZBY057861,IMPRESORA DE MATRIZ DE PUNTOS,PROPIO,ACTIVO
4,6,MFP 1200 SERIES,CNBRN4R295,IMPRESORA HP NEVERSTOP LASER MFP 1200 SERIES,PROPIO,ACTIVO
1,1,VOSTRO 3470,JH2KGL2,DESKTOP DELL VOSTRO 3470 CI5-8400 4 GB RAM 1TB DD W10PRO 64 BIT,ARRENDADO,ACTIVO
2,11,NI,ETPC904733026,,PROPIO,ACTIVO
1,1,VOSTRO 3470,CR7SQX2,"COMPUTADORA DELL VOSTRO 3470 CORE-I5 8400 8A GENERACION MEMORIA RAM DE 4GB DDR4 2666MHZ HASTA 32GB OPCIONAL DISCO DURO DE 1TB 3.5"" (7200RPM) SATA TARJETA DE VIDEO INTEGRADA INTEL UHD 630 UNIDAD MULTIMEDIA DVD+/-RW W10PRO GARANTIA 1 AÑO",ARRENDADO,ACTIVO
2,1,E2016HV,F284CX2 / 5FCC00964ALEU,"MONITOR LED DELL 20 E2016HW / 19.5"" 1600 X 900 / 60 HZ / SOLO TIENE CONEXIÓN VGA",ARRENDADO,ACTIVO
1,1,VOSTRO 3470,HLHFZT2,"COMPUTADORA DELL VOSTRO 3470 CORE-I5 8400 8A GENERACION MEMORIA RAM DE 4GB DDR4 2666MHZ HASTA 32GB OPCIONAL DISCO DURO DE 1TB 3.5"" (7200RPM) SATA TARJETA DE VIDEO INTEGRADA INTEL UHD 630 UNIDAD MULTIMEDIA DVD+/-RW W10PRO GARANTIA 1 AÑO",ARRENDADO,ACTIVO
2,1,E2016HV,4494CX2 / CN-07XJH5-FCC00-964-C8AU-A05,"MONITOR LED DELL 20 E2016HW / 19.5"" 1600 X 900 / 60 HZ / SOLO TIENE CONEXIÓN VGA",ARRENDADO,ACTIVO
3,1,VOSTRO 5471,66MXM42,"COMPUTADORA PORTATIL DELL VOSTRO 5471 PROCESADOR CORE I5 8250U MEMORIA 4GB + 16OPTANE DISCO DURO 1TB PANTALLA DE 14"" W10PRO 1 DE GARANTIA  ",ARRENDADO,ACTIVO
1,12,NA,CM3D22RA0010KMX,,PROPIO,ACTIVO
1,1,VOSTRO 3470,4HFKZT2,"COMPUTADORA DELL VOSTRO 3470 CORE-I5 8400 8A GENERACION MEMORIA RAM DE 4GB DDR4 2666MHZ HASTA 32GB OPCIONAL DISCO DURO DE 1TB 3.5"" (7200RPM) SATA TARJETA DE VIDEO INTEGRADA INTEL UHD 630 UNIDAD MULTIMEDIA DVD+/-RW W10PRO GARANTIA 1 AÑO",ARRENDADO,ACTIVO
2,1,E2016HV,2P94CX2 / CN-07XJH5-FCC00-964-CJLU-A05,MONITOR LED DELL 20 E2016HV/ 19.5¨ 1600x900/ 60 HZ /SOLO TIENE CONEXIO VGA,ARRENDADO,ACTIVO
1,12,NA,20120011665, Pentium(R) Dual-Core CPU E5700 @ 3.00GHz 1GB RAM 500 GB DISCO DURO,PROPIO,ACTIVO
2,7,E20705WN,BSSE19A001774,,PROPIO,ACTIVO
1,1,VOSTRO 3470,HMJLZT2,"COMPUTADORA DELL VOSTRO 3470 CORE-I5 8400 8A GENERACION MEMORIA RAM DE 4GB DDR4 2666MHZ HASTA 32GB OPCIONAL DISCO DURO DE 1TB 3.5"" (7200RPM) SATA TARJETA DE VIDEO INTEGRADA INTEL UHD 630 UNIDAD MULTIMEDIA DVD+/-RW W10PRO GARANTIA 1 AÑO",ARRENDADO,ACTIVO
2,1,E2016HV,5FCC00964AL8U,"MONITOR LED DELL 20 E2016HW / 19.5"" 1600 X 900 / 60 HZ / SOLO TIENE CONEXIÓN VGA",ARRENDADO,ACTIVO
3,1,VOSTRO 3459,DBWFWF2,VOSTRO 3459 CORE I5-6200U 2.3GHz 8GB RAM 1TB HD DVDRW 14.0in LED,PROPIO,ACTIVO
6,5,KXNT551X,OCBTJ132199,Panasonic Teléfono IP KX-NT551X Alámbrico 8 Teclas Programables Altavoz NEGRO,PROPIO,ACTIVO
2,8,V206HQL,MMLY6AM00154115F1F8504,,PROPIO,ACTIVO
1,13,ACTIVE COOL,2340000000000,Procesador: Intel Core I5-4460 CPU @ 3.20 GHz 4 GB en RAM 500 GB en DD,PROPIO,ACTIVO
3,1,INSPIRON 1521,2KXYQD1,AMD Athlon Dual-Core @ 1.70 GHz Disco Duro 160 gb Ram 2gb DDR3 Windows 7 profesional.,PROPIO,STOCK
1,13,ACTIVE COOL,2340000000000,,PROPIO,ACTIVO
2,8,V206HQL,MMLY6AM0015290F92D8504,,PROPIO,ACTIVO
1,1,VOSTRO 3470,2VKPJV2,"COMPUTADORA DELL VOSTRO 3470 CORE-I5 8400 8A GENERACION MEMORIA RAM DE 4GB DDR4 2666MHZ HASTA 32GB OPCIONAL DISCO DURO DE 1TB 3.5"" (7200RPM) SATA TARJETA DE VIDEO INTEGRADA INTEL UHD 630 UNIDAD MULTIMEDIA DVD+/-RW W10PRO GARANTIA 1 AÑO",ARRENDADO,ACTIVO
2,1,E2016HV,7694CX2 / CN-07XJH5-FCC00-964-C9HU-A05,MONITOR LED DELL 20 E2016HV/ 19.5¨ 1600x900/ 60 HZ /SOLO TIENE CONEXIO VGA,ARRENDADO,ACTIVO
3,1,VOSTRO 3468,HWBH1P2,PORTATIL DELL VOTRO 14-3468 PROCESADOR CI5 7200U DD 1TB RAM 8GB W10P,ARRENDADO,ACTIVO
1,14,GB-300,2340000000000,ntel(R) Core(TM) i5-4460 CPU @ 3.20GHz Disco Duro 500 gb 4 gb RAM Windows 7 ,PROPIO,ACTIVO
2,15,MG2016,S2016171202025,,PROPIO,ACTIVO
2,1,E2016HV,8LPQ4T2 / CN-07XJH5-FCC00-914-DVWU-A05,MONITOR LED DELL 20 E2016HV/ 19.5¨ 1600x900/ 60 HZ /SOLO TIENE CONEXIO VGA,ARRENDADO,ACTIVO
1,1,VOSTRO 3470,4HMLZT2,"COMPUTADORA DELL VOSTRO 3470 CORE-I5 8400 8A GENERACION MEMORIA RAM DE 4GB DDR4 2666MHZ HASTA 32GB OPCIONAL DISCO DURO DE 1TB 3.5"" (7200RPM) SATA TARJETA DE VIDEO INTEGRADA INTEL UHD 630 UNIDAD MULTIMEDIA DVD+/-RW W10PRO GARANTIA 1 AÑO",ARRENDADO,ACTIVO
3,1,VOSTRO 3459 ,4PQKZF2,VOSTRO 3459 CORE I5-6200U 2.3GHz 8GB RAM 1TB HD DVDRW 14.0in LED,PROPIO,ACTIVO
3,1,VOSTRO 5471,BVLXM42,"LAPTOP DELL VOSTRO 5471 14"" FULL HD INTEL CORE I5-8250U 1.60GHZ 4GB 16GB OPTANE  1TB W10PRO 64-BITS",ARRENDADO,ACTIVO
1,12,NA,GABGEN003N,Pentium @ 3.00 GHz 500 gb disco duro 4 gb de RAM,PROPIO,ACTIVO
2,15,MG2016,S2016171202035,,PROPIO,ACTIVO
3,1,LATITUDE 3410,22GTC63,"Portatil Dell Latitude 3000 3410 39.6 (15.6"") HD 1366X768 intel core i5 (10a gen) i5-10210U Quad-core (4 core) 1.60 Ghz 8 gb Ram 1TB HDD negro windows 10 Pro intel UHD Graphics torsion nemática (TN) español teclado IEEE 802.11 ax wireless LAN standard incluye mochila",ARRENDADO,ACTIVO
3,1,VOSTRO 3468,D61NBL2,"DELL VOSTRO 3468 CI3 6006U 8GB RAM 1TB DD DVD 14""",ARRENDADO,STOCK
3,1,LATITUDE 5590,BLMGTT2,COMPUTADRA PORTATIL DELL LATITUDE 5590 PROCESADOR INTEL CI7-8650U RAM 16GB DDR4 ESTADO SOLIDO 2.5 P 1TB 5400RPM PANTALLA 15.6 W10P,ARRENDADO,ACTIVO
2,10,S22D300HY,02CXHCKG200279N,,PROPIO,ACTIVO
6,5,KXNT551X,ODATJ132557,Panasonic Teléfono IP KX-NT551X Alámbrico 8 Teclas Programables Altavoz NEGRO,PROPIO,ACTIVO
3,1,VOSTRO 5471,J9MXM42,"LAPTOP DELL VOSTRO 5471 14"" FULL HD INTEL CORE I5-8250U 1.60GHZ 4GB 16GB OPTANE  1TB W10PRO 64-BITS",ARRENDADO,ACTIVO
1,1,VOSTRO 3470,D04MZT2,"COMPUTADORA DELL VOSTRO 3470 CORE-I5 8400 8A GENERACION MEMORIA RAM DE 4GB DDR4 2666MHZ HASTA 32GB OPCIONAL DISCO DURO DE 1TB 3.5"" (7200RPM) SATA TARJETA DE VIDEO INTEGRADA INTEL UHD 630 UNIDAD MULTIMEDIA DVD+/-RW W10PRO GARANTIA 1 AÑO",ARRENDADO,ACTIVO
2,1,E2016HV,9284CX2 / CN-07XJH5-FCC00-964-AL9U-A05,"MONITOR LED DELL 20 E2016HW / 19.5"" 1600 X 900 / 60 HZ / SOLO TIENE CONEXIÓN VGA",ARRENDADO,ACTIVO
1,16,NA,DSE1475JRZ,RAM 8GB PROCESADOR PENTIUM G620,PROPIO,ACTIVO
2,10,NA,ZYGFH4LDB00078M,NA,PROPIO,ACTIVO
1,1,VOSTRO 3470,HW3HZT2,"COMPUTADORA DELL VOSTRO 3470 CORE-I5 8400 8A GENERACION MEMORIA RAM DE 4GB DDR4 2666MHZ HASTA 32GB OPCIONAL DISCO DURO DE 1TB 3.5"" (7200RPM) SATA TARJETA DE VIDEO INTEGRADA INTEL UHD 630 UNIDAD MULTIMEDIA DVD+/-RW W10PRO GARANTIA 1 AÑO",ARRENDADO,ACTIVO
2,1,E2016HV,1694CX2 / 5FCC00964C9AU,"MONITOR LED DELL 20 E2016HW / 19.5"" 1600 X 900 / 60 HZ / SOLO TIENE CONEXIÓN VGA",ARRENDADO,ACTIVO
6,5,KXNT551X,8IATH111854,Panasonic Teléfono IP KX-NT551X Alámbrico 8 Teclas Programables Altavoz NEGRO,PROPIO,ACTIVO
3,1,LATITUDE 5590,21483X2,"COMPUTADORA PORTATIL DELL LATITUD 5590 PROCESADOR INTEL CORE I7-8650U A 1.9GHZ MEMORIA 16GB DISCO DURO 1TB PANTALLA 15.6"" NO DVD 3 AÑOS DE GARANTIA",ARRENDADO,ACTIVO
2,8,V206HQL,MMLY6AM001541162308504,19.5,PROPIO,ACTIVO
4,6,LASERJET PRO 400 M401N,VNB3S02492,IMPRESORA MULTIFUNCIONALHP LASERJET PRO,PROPIO,ACTIVO
1,1,VOSTRO 3470,9TQWZS2,COMPUTADORA DELL VOSTRO 3470 CI3 810 3.6GHZ /4GB /1TB / NO MONITOR /DVDRW /  W10P,ARRENDADO,ACTIVO
1,6,280 G2,4CE6421CZL,HP280 G2 CORE I5-6500 3.2 GHz 4GB RAM 1TB HD DVDRW GbNIC,PROPIO,ACTIVO
2,1,E2016HV,G184CX2 / CN-07XJH5-FCC00-964-AKWU-A05,"MONITOR LED DELL 20 E2016HW / 19.5"" 1600 X 900 / 60 HZ / SOLO TIENE CONEXIÓN VGA",ARRENDADO,ACTIVO
1,1,VOSTRO 3470,4LYDZT2,"COMPUTADORA DELL VOSTRO 3470 CORE-I5 8400 8A GENERACION MEMORIA RAM DE 4GB DDR4 2666MHZ HASTA 32GB OPCIONAL DISCO DURO DE 1TB 3.5"" (7200RPM) SATA TARJETA DE VIDEO INTEGRADA INTEL UHD 630 UNIDAD MULTIMEDIA DVD+/-RW W10PRO GARANTIA 1 AÑO",ARRENDADO,ACTIVO
2,1,E2016HV,4N84CX2 / CN-07XJH5-FCC00-964-C02U-A05,"MONITOR LED DELL 20 E2016HW / 19.5"" 1600 X 900 / 60 HZ / SOLO TIENE CONEXIÓN VGA",ARRENDADO,ACTIVO
8,18,NANO STATION LOCO M2,NA,ACCESS POINT NANOSTATION LOCO M2 VELOCIDAD 150 MB/s FRECUENCIA 2.4 GHZ,PROPIO,ACTIVO
4,3,LX-300II,G8DY149112,,PROPIO,STOCK
1,1,VOSTRO 3470,HN0CZT2,"COMPUTADORA DELL VOSTRO 3470 CORE-I5 8400 8A GENERACION MEMORIA RAM DE 4GB DDR4 2666MHZ HASTA 32GB OPCIONAL DISCO DURO DE 1TB 3.5"" (7200RPM) SATA TARJETA DE VIDEO INTEGRADA INTEL UHD 630 UNIDAD MULTIMEDIA DVD+/-RW W10PRO GARANTIA 1 AÑO",ARRENDADO,ACTIVO
2,1,E2016HV,5794CX2,"MONITOR LED DELL 20 E2016HW / 19.5"" 1600 X 900 / 60 HZ / SOLO TIENE CONEXIÓN VGA",ARRENDADO,ACTIVO
4,6,LASERJET M15W,VNB3D44921,IMPRESORA MULTIFUNCIONALHP LASERJET PRO,PROPIO,ACTIVO
6,5,KXNT551X,ODATJ132528,Panasonic Teléfono IP KX-NT551X Alámbrico 8 Teclas Programables Altavoz NEGRO,PROPIO,ACTIVO
3,1,VOSTRO 5471,GHMXM42,"COMPUTADORA PORTATIL DELL VOSTRO 5471 PROCESADOR CORE I5 8250U MEMORIA 4GB + 16OPTANE DISCO DURO 1TB PANTALLA DE 14"" W10PRO 1 DE GARANTIA  ",ARRENDADO,ACTIVO
3,1,VOSTRO 3468,BFC9TJ2,VOSTRO 3468 CORE I5-7200U 3.10 GHz 8GB RAM 1TB HD DVDRW 14.0in LED,PROPIO,ACTIVO
6,5,KXNT551X,OAATJ130539,Panasonic Teléfono IP KX-NT551X Alámbrico 8 Teclas Programables Altavoz NEGRO,PROPIO,ACTIVO
1,1,VOSTRO 3470,2VRNJV2,"COMPUTADORA DELL VOSTRO 3470 CORE-I5 8400 8A GENERACION MEMORIA RAM DE 4GB DDR4 2666MHZ HASTA 32GB OPCIONAL DISCO DURO DE 1TB 3.5"" (7200RPM) SATA TARJETA DE VIDEO INTEGRADA INTEL UHD 630 UNIDAD MULTIMEDIA DVD+/-RW W10PRO GARANTIA 1 AÑO",ARRENDADO,ACTIVO
2,1,E2016HV,4594CX2 / CN-07XJH5-FCC00-964-C8VU-A05,"MONITOR LED DELL 20 E2016HW / 19.5"" 1600 X 900 / 60 HZ / SOLO TIENE CONEXIÓN VGA",ARRENDADO,ACTIVO
4,19,ZT220,ZT22042-T01000FZ,,PROPIO,ACTIVO
3,1,VOSTRO 3468,371NBL2,"DELL VOSTRO 3468 CI3 6006U 8GB RAM 1TB DD DVD 14""",ARRENDADO,ACTIVO
6,5,KXNT551X,OAATJ130505,Panasonic Teléfono IP KX-NT551X Alámbrico 8 Teclas Programables Altavoz NEGRO,PROPIO,ACTIVO
3,1,VOSTRO 3468,FHL00P2,LAPTOP DELL VOSTRO 3468 W10P CI3-7020U 8GB 1TB DVDRW 1TWTY,ARRENDADO,ACTIVO
3,1,VOSTRO 5471,6TLXM42,"COMPUTADORA PORTATIL DELL VOSTRO 5471 PROCESADOR CORE I5 8250U MEMORIA 4GB + 16OPTANE DISCO DURO 1TB PANTALLA DE 14"" W10PRO 1 DE GARANTIA  ",ARRENDADO,ACTIVO
4,3,L310,VHKK046087,,PROPIO,ACTIVO
2,8,V206HQL,MMLY6AM00154115F128504,,PROPIO,ACTIVO
2,8,V206HQL,MMLY6AM00154115F008504,19.5,PROPIO,ACTIVO
1,1,VOSTRO 3470,2W2RJV2,"COMPUTADORA DELL VOSTRO 3470 CORE-I5 8400 8A GENERACION MEMORIA RAM DE 4GB DDR4 2666MHZ HASTA 32GB OPCIONAL DISCO DURO DE 1TB 3.5"" (7200RPM) SATA TARJETA DE VIDEO INTEGRADA INTEL UHD 630 UNIDAD MULTIMEDIA DVD+/-RW W10PRO GARANTIA 1 AÑO",ARRENDADO,ACTIVO
2,1,E2016HV,5FCC00964AKKU,"MONITOR LED DELL 20 E2016HW / 19.5"" 1600 X 900 / 60 HZ / SOLO TIENE CONEXIÓN VGA",ARRENDADO,ACTIVO
3,1,VOSTRO 3468,HHBH1P2,PORTATIL DELL VOTRO 14-3468 PROCESADOR CI5 7200U DD 1TB RAM 8GB W10P,ARRENDADO,ACTIVO
1,12,NA,2340000000000,Intel(R) Core(TM) i5-4460 CPU @ 3.20GHz Disco Duro 500 gb 4 gb RAM Windows 7 ,PROPIO,ACTIVO
2,10,S19410N,ZT16H9NB500710N,,PROPIO,ACTIVO
6,5,KXNT551X,9KBTI128541,Panasonic Teléfono IP KX-NT551X Alámbrico 8 Teclas Programables Altavoz NEGRO,PROPIO,ACTIVO
3,1,VOSTRO 5471,2WLXM42,"COMPUTADORA PORTATIL DELL VOSTRO 5471 PROCESADOR CORE I5 8250U MEMORIA 4GB + 16OPTANE DISCO DURO 1TB PANTALLA DE 14"" W10PRO 1 DE GARANTIA  ",ARRENDADO,ACTIVO
1,13,ACTIVE COOL,DSE1249JRZ,Procesador: Intel Core I5-4460 CPU @ 3.20 GHz 4 GB en RAM 500 GB en DD,PROPIO,ACTIVO
1,1,VOSTRO 3470,CQYXQX2,"COMPUTADORA DELL VOSTRO 3470 CORE-I5 8400 8A GENERACION MEMORIA RAM DE 4GB DDR4 2666MHZ HASTA 32GB OPCIONAL DISCO DURO DE 1TB 3.5"" (7200RPM) SATA TARJETA DE VIDEO INTEGRADA INTEL UHD 630 UNIDAD MULTIMEDIA DVD+/-RW W10PRO GARANTIA 1 AÑO",ARRENDADO,ACTIVO
2,1,E2016HV,B494CX2 / CN-07XJH5-FCC00-964-C8HU-A05,"MONITOR LED DELL 20 E2016HW / 19.5"" 1600 X 900 / 60 HZ / SOLO TIENE CONEXIÓN VGA",ARRENDADO,ACTIVO
1,1,VOSTRO 3470,HWMGZT2,"COMPUTADORA DELL VOSTRO 3470 CORE-I5 8400 8A GENERACION MEMORIA RAM DE 4GB DDR4 2666MHZ HASTA 32GB OPCIONAL DISCO DURO DE 1TB 3.5"" (7200RPM) SATA TARJETA DE VIDEO INTEGRADA INTEL UHD 630 UNIDAD MULTIMEDIA DVD+/-RW W10PRO GARANTIA 1 AÑO",ARRENDADO,ACTIVO
2,1,E2016HV,G694CX2\CN-07XJH5-FCC00-964-C9RU-A05,"MONITOR LED DELL 20 E2016HW / 19.5"" 1600 X 900 / 60 HZ / SOLO TIENE CONEXIÓN VGA",ARRENDADO,ACTIVO
3,1,INSPIRON 5458,DC1ZQ32,"Laptop DELL INSPIRON 14-5458 : Procesador Intel Core i5-5200U (hasta 2.7 GHz) Memoria de 4 GB DDR3L D. D. de 1TB Pantalla LED de 14"" Video Intel HD Graphics 5500 DVD±R/RW Red 802.11ac/b/g/n Bluetooth 4.0 Windows 8.1 (64 Bits).",PROPIO,ACTIVO
3,1,VOSTRO 5471,2YLXM42,"COMPUTADORA PORTATIL DELL VOSTRO 5471 PROCESADOR CORE I5 8250U MEMORIA 4GB + 16OPTANE DISCO DURO 1TB PANTALLA DE 14"" W10PRO 1 DE GARANTIA  ",ARRENDADO,ACTIVO
1,1,VOSTRO 3470,F8NWZS2,COMPUTADORA DELL VOSTRO 3470 CI3 810 3.6GHZ /4GB /1TB / NO MONITOR /DVDRW /  W10P,ARRENDADO,ACTIVO
2,1,E2016HV,CN-07XJH5FCC00-8BMA-DLU,MONITOR LED DELL 20 E2016HV/ 19.5¨ 1600x900/ 60 HZ /SOLO TIENE CONEXIO VGA,ARRENDADO,ACTIVO
1,1,VOSTRO 3470,CVCZQX2,"COMPUTADORA DELL VOSTRO 3470 CORE-I5 8400 8A GENERACION MEMORIA RAM DE 4GB DDR4 2666MHZ HASTA 32GB OPCIONAL DISCO DURO DE 1TB 3.5"" (7200RPM) SATA TARJETA DE VIDEO INTEGRADA INTEL UHD 630 UNIDAD MULTIMEDIA DVD+/-RW W10PRO GARANTIA 1 AÑO",ARRENDADO,ACTIVO
2,8,V206HQL,MMLY6AM00154115F138504,,PROPIO,ACTIVO
3,1,LATITUDE 3410,6XBTC63,"Portatil Dell Latitude 3000 3410 39.6 (15.6"") HD 1366X768 intel core i5 (10a gen) i5-10210U Quad-core (4 core) 1.60 Ghz 8 gb Ram 1TB HDD negro windows 10 Pro intel UHD Graphics torsion nemática (TN) español teclado IEEE 802.11 ax wireless LAN standard incluye mochila",ARRENDADO,ACTIVO
3,1,VOSTRO 5471,6YLXM42,"COMPUTADORA PORTATIL DELL VOSTRO 5471 PROCESADOR CORE I5 8250U MEMORIA 4GB + 16OPTANE DISCO DURO 1TB PANTALLA DE 14"" W10PRO 1 DE GARANTIA  ",ARRENDADO,ACTIVO
1,1,VOSTRO 3470,HNPDZT2,"COMPUTADORA DELL VOSTRO 3470 CORE-I5 8400 8A GENERACION MEMORIA RAM DE 4GB DDR4 2666MHZ HASTA 32GB OPCIONAL DISCO DURO DE 1TB 3.5"" (7200RPM) SATA TARJETA DE VIDEO INTEGRADA INTEL UHD 630 UNIDAD MULTIMEDIA DVD+/-RW W10PRO GARANTIA 1 AÑO",ARRENDADO,ACTIVO
2,1,E2016HV,5184CX2 / 5FCC00964C9NU,"MONITOR LED DELL 20 E2016HW / 19.5"" 1600 X 900 / 60 HZ / SOLO TIENE CONEXIÓN VGA",ARRENDADO,ACTIVO
1,1,OPTIPLEX 3080,B64MK93,Computadora Dell optiplex 3000 3080 intel core i5 10a Gen i5 10500 Hexa core (6 core) 3.10 GHZ 8 GB Ram DDR4 SDRAM 1TB HDD formato pequeño negro windows 10 Pro 64 bit intel DDR4 SDRAM fabadora DVD español teclado 200W ,ARRENDADO,ACTIVO
2,1,E2020H,7RHGF23 / CN-08RWX5-QDC00-0AU-37ZI-A03,"Monitor Dell E2020H 19.5"" LED 1600X900 VGA/DP 3WTY (INCLUYE CABLE)",ARRENDADO,ACTIVO
1,1,VOSTRO 3470,HNCKZT2,"COMPUTADORA DELL VOSTRO 3470 CORE-I5 8400 8A GENERACION MEMORIA RAM DE 4GB DDR4 2666MHZ HASTA 32GB OPCIONAL DISCO DURO DE 1TB 3.5"" (7200RPM) SATA TARJETA DE VIDEO INTEGRADA INTEL UHD 630 UNIDAD MULTIMEDIA DVD+/-RW W10PRO GARANTIA 1 AÑO",ARRENDADO,ACTIVO
2,1,E2016HV,5FCC00964AL1U,"MONITOR LED DELL 20 E2016HW / 19.5"" 1600 X 900 / 60 HZ / SOLO TIENE CONEXIÓN VGA",ARRENDADO,ACTIVO
3,1,VOSTRO 5471,1XLXM42,"COMPUTADORA PORTATIL DELL VOSTRO 5471 PROCESADOR CORE I5 8250U MEMORIA 4GB + 16OPTANE DISCO DURO 1TB PANTALLA DE 14"" W10PRO 1 DE GARANTIA  ",ARRENDADO,STOCK
3,1,VOSTRO 3459,JRSGWF2,VOSTRO 3459 CORE I5-6200U 2.3GHz 8GB RAM 1TB HD DVDRW 14.0in LED,PROPIO,ACTIVO
6,5,KXNT551X,9DATI120328,Panasonic Teléfono IP KX-NT551X Alámbrico 8 Teclas Programables Altavoz NEGRO,PROPIO,ACTIVO
3,1,VOSTRO 3458,5STDQC2,VOSTRO 3458 CORE I5-5005U 1.7GHz8GB RAM 1TB HD 14.0in LED,PROPIO,ACTIVO
6,5,KXNT551X,OAATJ130444,Panasonic Teléfono IP KX-NT551X Alámbrico 8 Teclas Programables Altavoz NEGRO,PROPIO,ACTIVO
1,1,VOSTRO 3470,F6S00T2,COMPUTADORA DELL VOSTRO 3470 CI3 810 3.6GHZ /4GB /1TB / NO MONITOR /DVDRW /  W10P,ARRENDADO,ACTIVO
2,1,E2016HV,1XNQ4T2 / CN-07XJH5-FCC00-914-DG3U-A05,MONITOR LED DELL 20 E2016HV/ 19.5¨ 1600x900/ 60 HZ /SOLO TIENE CONEXIO VGA,ARRENDADO,ACTIVO
3,1,INSPIRON N4110,8KPYRS1,INSPIRON N4110 Core I3-2350M 2.3GHz 4GB RAM 500GB HD 14.Oin LED,PROPIO,ACTIVO
2,15,MG2016,S2016160600143,,PROPIO,ACTIVO
1,6,280 G2SFF Business,8CG822CF1B,Intel(R) Core(TM) i3-8100 CPU @ 3.60GHz  4 GB RAM 1 tb disco duro,PROPIO,ACTIVO
1,1,OPTIPLEX 3080,B66GK93,Computadora Dell optiplex 3000 3080 intel core i5 10a Gen i5 10500 Hexa core (6 core) 3.10 GHZ 8 GB Ram DDR4 SDRAM 1TB HDD formato pequeño negro windows 10 Pro 64 bit intel DDR4 SDRAM fabadora DVD español teclado 200W ,ARRENDADO,ACTIVO
2,1,E2020H,GMJGF23,"Monitor Dell E2020H 19.5"" LED 1600X900 VGA/DP 3WTY (INCLUYE CABLE)",ARRENDADO,ACTIVO
4,3,FX-890,NZBY080066,,PROPIO,ACTIVO
1,1,OPTIPLEX 3080,B66PK93,Computadora Dell optiplex 3000 3080 intel core i5 10a Gen i5 10500 Hexa core (6 core) 3.10 GHZ 8 GB Ram DDR4 SDRAM 1TB HDD formato pequeño negro windows 10 Pro 64 bit intel DDR4 SDRAM fabadora DVD español teclado 200W ,ARRENDADO,ACTIVO
2,1,E2020H,G9GGF23,"Monitor Dell E2020H 19.5"" LED 1600X900 VGA/DP 3WTY (INCLUYE CABLE)",ARRENDADO,ACTIVO
1,1,OPTIPLEX 3080,411HK93,Computadora Dell optiplex 3000 3080 intel core i5 10a Gen i5 10500 Hexa core (6 core) 3.10 GHZ 8 GB Ram DDR4 SDRAM 1TB HDD formato pequeño negro windows 10 Pro 64 bit intel DDR4 SDRAM fabadora DVD español teclado 200W ,ARRENDADO,ACTIVO
2,1,E2020H,BMHGF23,"Monitor Dell E2020H 19.5"" LED 1600X900 VGA/DP 3WTY (INCLUYE CABLE)",ARRENDADO,ACTIVO
3,1,VOSTRO 3468,591NBL2,"DELL VOSTRO 3468 CI3 6006U 8GB RAM 1TB DD DVD 14""",ARRENDADO,ACTIVO
2,8,V206HQL,MMLY6AM00154115F178504,,PROPIO,ACTIVO
9,20,CELSIUS M,YBWM018650,Microsoft Windows 7 Professional procesador Intel(R) Pentium(R) 4 CPU 3.00GHz 8 gb RAM Disco Duro de 1 tb 500 gb 500 gb.,PROPIO,ACTIVO
4,3,L310,VHKK043407,,PROPIO,ACTIVO
3,1,VOSTRO 3468,D71NBL2,"DELL VOSTRO 3468 CI3 6006U 8GB RAM 1TB DD DVD 14""",ARRENDADO,ACTIVO
1,1,VOSTRO 3470,2VFPJV2,"COMPUTADORA DELL VOSTRO 3470 CORE-I5 8400 8A GENERACION MEMORIA RAM DE 4GB DDR4 2666MHZ HASTA 32GB OPCIONAL DISCO DURO DE 1TB 3.5"" (7200RPM) SATA TARJETA DE VIDEO INTEGRADA INTEL UHD 630 UNIDAD MULTIMEDIA DVD+/-RW W10PRO GARANTIA 1 AÑO",ARRENDADO,ACTIVO
2,1,E2016HV,2694CX2 / CN-07XJH5-FCC00-964-C9CU-A05,"MONITOR LED DELL 20 E2016HW / 19.5"" 1600 X 900 / 60 HZ / SOLO TIENE CONEXIÓN VGA",ARRENDADO,ACTIVO
3,1,LATITUDE 3410,CWDTC63,"Portatil Dell Latitude 3000 3410 39.6 (15.6"") HD 1366X768 intel core i5 (10a gen) i5-10210U Quad-core (4 core) 1.60 Ghz 8 gb Ram 1TB HDD negro windows 10 Pro intel UHD Graphics torsion nemática (TN) español teclado IEEE 802.11 ax wireless LAN standard incluye mochila",ARRENDADO,ACTIVO
1,1,OPTIPLEX 3080,B689K93,Computadora Dell optiplex 3000 3080 intel core i5 10a Gen i5 10500 Hexa core (6 core) 3.10 GHZ 8 GB Ram DDR4 SDRAM 1TB HDD formato pequeño negro windows 10 Pro 64 bit intel DDR4 SDRAM fabadora DVD español teclado 200W ,ARRENDADO,STOCK
2,1,E2020H,3GHGF23,"Monitor Dell E2020H 19.5"" LED 1600X900 VGA/DP 3WTY (INCLUYE CABLE)",ARRENDADO,STOCK
3,1,VOSTRO 5471,31MXM42,"COMPUTADORA PORTATIL DELL VOSTRO 5471 PROCESADOR CORE I5 8250U MEMORIA 4GB + 16OPTANE DISCO DURO 1TB PANTALLA DE 14"" W10PRO 1 DE GARANTIA  ",ARRENDADO,ACTIVO
2,1,E2016HV,C184CX2/5FCC00964AKTU,"MONITOR LED DELL 20 E2016HW / 19.5"" 1600 X 900 / 60 HZ / SOLO TIENE CONEXIÓN VGA",ARRENDADO,ACTIVO
1,1,VOSTRO 3470,HMRLZT2,"COMPUTADORA DELL VOSTRO 3470 CORE-I5 8400 8A GENERACION MEMORIA RAM DE 4GB DDR4 2666MHZ HASTA 32GB OPCIONAL DISCO DURO DE 1TB 3.5"" (7200RPM) SATA TARJETA DE VIDEO INTEGRADA INTEL UHD 630 UNIDAD MULTIMEDIA DVD+/-RW W10PRO GARANTIA 1 AÑO",ARRENDADO,ACTIVO
3,1,VOSTRO 3459,HTYFWF2,VOSTRO 3459 CORE I5-6200U 2.3GHz 8GB RAM 1TB HD DVDRW 14.0in LED,PROPIO,ACTIVO
6,5,KXNT551X,OCBTJ132232,Panasonic Teléfono IP KX-NT551X Alámbrico 8 Teclas Programables Altavoz NEGRO,PROPIO,ACTIVO
3,1,VOSTRO 5471,JVLXM42,"COMPUTADORA PORTATIL DELL VOSTRO 5471 PROCESADOR CORE I5 8250U MEMORIA 4GB + 16OPTANE DISCO DURO 1TB PANTALLA DE 14"" W10PRO 1 DE GARANTIA  ",ARRENDADO,ACTIVO
6,5,KXNT551X,OAATJ130244,Panasonic Teléfono IP KX-NT551X Alámbrico 8 Teclas Programables Altavoz NEGRO,PROPIO,ACTIVO
3,1,VOSTRO 3468,6JMTDL2,"DELL VOSTRO 3468 CI5 7200U 8GB RAM 1TB DD DVD 14""",ARRENDADO,ACTIVO
2,10,S19D300NY,02CSHCLFB05308K,"MONITOR SAMSUNG LSD LS19D300 19.5""",PROPIO,ACTIVO
1,1,VOSTRO 3470,JDXXQX2,DESKTOP DELL VOSTRO 3470 CI5-8400 4 GB RAM 1TB DD W10PRO 64 BIT,ARRENDADO,ACTIVO
2,1,E2016HV,DYCPCX2 / CN-07XJH5-FCC00-96H-E40U-A05,"MONITOR LED DELL 20 E2016HV/ 9.5"" 1600X900/ CABLE VGA 3 WTY",ARRENDADO,ACTIVO
1,1,VOSTRO 3470,HN4HZT2,"COMPUTADORA DELL VOSTRO 3470 CORE-I5 8400 8A GENERACION MEMORIA RAM DE 4GB DDR4 2666MHZ HASTA 32GB OPCIONAL DISCO DURO DE 1TB 3.5"" (7200RPM) SATA TARJETA DE VIDEO INTEGRADA INTEL UHD 630 UNIDAD MULTIMEDIA DVD+/-RW W10PRO GARANTIA 1 AÑO",ARRENDADO,ACTIVO
2,8,V206HQL,MMLY6AM0015411623D8504,,PROPIO,ACTIVO
1,1,VOSTRO 3470,F7220T2,COMPUTADORA DELL VOSTRO 3470 CI3 810 3.6GHZ /4GB /1TB / NO MONITOR /DVDRW /  W10P,ARRENDADO,ACTIVO
2,1,E2016HV,6M35GS2 / CN-07XJH5-FCC00-8BMA-D2U,MONITOR LED DELL 20 E2016HV/ 19.5¨ 1600x900/ 60 HZ /SOLO TIENE CONEXIO VGA,ARRENDADO,ACTIVO
6,5,KXNT551X,ODATJ132580,Panasonic Teléfono IP KX-NT551X Alámbrico 8 Teclas Programables Altavoz NEGRO,PROPIO,ACTIVO
3,1,LATITUDE 3410,D85QC63,"Portatil Dell Latitude 3000 3410 39.6 (15.6"") HD 1366X768 intel core i5 (10a gen) i5-10210U Quad-core (4 core) 1.60 Ghz 8 gb Ram 1TB HDD negro windows 10 Pro intel UHD Graphics torsion nemática (TN) español teclado IEEE 802.11 ax wireless LAN standard incluye mochila",ARRENDADO,ACTIVO
2,8,K192HQL,MMT0AAA001422092B64202,,PROPIO,ACTIVO
1,1,VOSTRO 3470,4KDLZT2,"COMPUTADORA DELL VOSTRO 3470 CORE-I5 8400 8A GENERACION MEMORIA RAM DE 4GB DDR4 2666MHZ HASTA 32GB OPCIONAL DISCO DURO DE 1TB 3.5"" (7200RPM) SATA TARJETA DE VIDEO INTEGRADA INTEL UHD 630 UNIDAD MULTIMEDIA DVD+/-RW W10PRO GARANTIA 1 AÑO",ARRENDADO,ACTIVO
2,1,E2016HV,H794CX2 / CN-07XJH5-FCC00-964-CACU-A05,"MONITOR LED DELL 20 E2016HW / 19.5"" 1600 X 900 / 60 HZ / SOLO TIENE CONEXIÓN VGA",ARRENDADO,ACTIVO
1,16,NI,NI,,PROPIO,ACTIVO
2,21,NI,M7A47CAV003780,,PROPIO,ACTIVO
4,6,Laserjet 1200,CNB1106354,,PROPIO,ACTIVO
3,1,VOSTRO 3468,2CX7WJ2,Procesador Intel Core i3-6006U 2.0 GHz 8GB RAM 1TB HD DVDRW GbNIC ,PROPIO,ACTIVO
4,6,LASERJET PRO M402N,PHBHL48085,,PROPIO,ACTIVO
1,1,VOSTRO 3470,CRXZQX2,"COMPUTADORA DELL VOSTRO 3470 CORE-I5 8400 8A GENERACION MEMORIA RAM DE 4GB DDR4 2666MHZ HASTA 32GB OPCIONAL DISCO DURO DE 1TB 3.5"" (7200RPM) SATA TARJETA DE VIDEO INTEGRADA INTEL UHD 630 UNIDAD MULTIMEDIA DVD+/-RW W10PRO GARANTIA 1 AÑO",ARRENDADO,ACTIVO
2,1,E2016HV,1494CX2,"MONITOR LED DELL 20 E2016HW / 19.5"" 1600 X 900 / 60 HZ / SOLO TIENE CONEXIÓN VGA",ARRENDADO,ACTIVO
1,1,VOSTRO 3470,HWVKZT2,"COMPUTADORA DELL VOSTRO 3470 CORE-I5 8400 8A GENERACION MEMORIA RAM DE 4GB DDR4 2666MHZ HASTA 32GB OPCIONAL DISCO DURO DE 1TB 3.5"" (7200RPM) SATA TARJETA DE VIDEO INTEGRADA INTEL UHD 630 UNIDAD MULTIMEDIA DVD+/-RW W10PRO GARANTIA 1 AÑO",ARRENDADO,STOCK
2,1,E2016HV,6494CX2,"MONITOR LED DELL 20 E2016HW / 19.5"" 1600 X 900 / 60 HZ / SOLO TIENE CONEXIÓN VGA",ARRENDADO,STOCK
4,6,LASSERJET PRO MSP125 NW,CNB9J465TP,IMPRESORA MULTIFUNCIONALM LASSERJET PRO M125 Y M126,PROPIO,STOCK
3,1,LATITUDE 3410,FSBTC63,"Portatil Dell Latitude 3000 3410 39.6 (15.6"") HD 1366X768 intel core i5 (10a gen) i5-10210U Quad-core (4 core) 1.60 Ghz 8 gb Ram 1TB HDD negro windows 10 Pro intel UHD Graphics torsion nemática (TN) español teclado IEEE 802.11 ax wireless LAN standard incluye mochila",ARRENDADO,ACTIVO
4,2,DCP-L2540DW,U63885F1N871865,CONEXION DE FORMA INALAMBRICA O MEDIANTE ETHERNET DIMENSIONES 40 x 39 x 31 cm VOLUMEN DE IMPRESIÓN MENSUAL 250 A 2.000 PAGINAS,PROPIO,ACTIVO
1,1,VOSTRO 3470,2VGQJV2,"COMPUTADORA DELL VOSTRO 3470 CORE-I5 8400 8A GENERACION MEMORIA RAM DE 4GB DDR4 2666MHZ HASTA 32GB OPCIONAL DISCO DURO DE 1TB 3.5"" (7200RPM) SATA TARJETA DE VIDEO INTEGRADA INTEL UHD 630 UNIDAD MULTIMEDIA DVD+/-RW W10PRO GARANTIA 1 AÑO",ARRENDADO,ACTIVO
4,3,FX-890,NZBY087325,,PROPIO,ACTIVO
2,1,E2016HV,F794CX2,,ARRENDADO,ACTIVO
3,1,VOSTRO 3468,HQ0JWN2,PORTATIL DELL VOTRO 14-3468 PROCESADOR CI5 7200U DD 1TB RAM 8GB W10P,ARRENDADO,ACTIVO
4,3,FX-890,NZBY090537,IMPRESORA DE MATRIZ DE PUNTOS,PROPIO,ACTIVO
4,22,ECOSYS M6530CDN,,,ARRENDADO,ACTIVO
2,6,V203p ,6CM6381PJG,V203p 19.53in LED IPS LCD Monitor 0.30mm PP 1440x900@60Hz,PROPIO,ACTIVO
6,5,KXNT551X,9KBTI128429,Panasonic Teléfono IP KX-NT551X Alámbrico 8 Teclas Programables Altavoz NEGRO,PROPIO,ACTIVO
3,1,LATITUDE 3410,CVBTC63,"Portatil Dell Latitude 3000 3410 39.6 (15.6"") HD 1366X768 intel core i5 (10a gen) i5-10210U Quad-core (4 core) 1.60 Ghz 8 gb Ram 1TB HDD negro windows 10 Pro intel UHD Graphics torsion nemática (TN) español teclado IEEE 802.11 ax wireless LAN standard incluye mochila",ARRENDADO,ACTIVO
3,1,VOSTRO 5471,B9MXM42,"COMPUTADORA PORTATIL DELL VOSTRO 5471 PROCESADOR CORE I5 8250U MEMORIA 4GB + 16OPTANE DISCO DURO 1TB PANTALLA DE 14"" W10PRO 1 DE GARANTIA  ",ARRENDADO,ACTIVO
1,1,VOSTRO 3470,4KWDZT2,"COMPUTADORA DELL VOSTRO 3470 CORE-I5 8400 8A GENERACION MEMORIA RAM DE 4GB DDR4 2666MHZ HASTA 32GB OPCIONAL DISCO DURO DE 1TB 3.5"" (7200RPM) SATA TARJETA DE VIDEO INTEGRADA INTEL UHD 630 UNIDAD MULTIMEDIA DVD+/-RW W10PRO GARANTIA 1 AÑO",ARRENDADO,ACTIVO
2,1,E2016HV,J494CX2 / CN-07XJH5-FCC00-964-C8PU-A05,"MONITOR LED DELL 20 E2016HW / 19.5"" 1600 X 900 / 60 HZ / SOLO TIENE CONEXIÓN VGA",ARRENDADO,ACTIVO
4,22,ECOSYS P2040dw,VD29Z45821,,ARRENDADO,ACTIVO
4,3,FX-890,NZBY138178,,PROPIO,ACTIVO
4,19,ZT220,,,PROPIO,ACTIVO
1,1,VOSTRO 3470,F8F20T2,COMPUTADORA DELL VOSTRO 3470 CI3 810 3.6GHZ /4GB /1TB / NO MONITOR /DVDRW /  W10P,ARRENDADO,ACTIVO
2,1,E2016HV,5FCC008BMAWVU,MONITOR LED DELL 20 E2016HV/ 19.5¨ 1600x900/ 60 HZ /SOLO TIENE CONEXIO VGA,ARRENDADO,ACTIVO
4,22,M3040idn,LSD7725884,Multifuncional Kyocera ECOSYS M3040idn Blanco y Negro Láser Print/Scan/Copy/Fax,ARRENDADO,ACTIVO
3,1,VOSTRO 3459,C6ZGWF2,VOSTRO 3459 CORE I5-6200U 2.3GHz 8GB RAM 1TB HD DVDRW 14.0in LED,PROPIO,ACTIVO
6,5,KXNT551X,OAATJ130524,Panasonic Teléfono IP KX-NT551X Alámbrico 8 Teclas Programables Altavoz NEGRO,PROPIO,ACTIVO
3,1,VOSTRO 3468,GZW3LJ2,"DELL VOSTRO 3468 CI5 7200U 8GB RAM 1TB DD DVD 14""",PROPIO,ACTIVO
2,8,V206HQL,MMLY6AM001506013478504,,PROPIO,ACTIVO
3,1,LATITUDE 3540,BVMCW32,Latitude 3540 Core I3-4030U 1.90GHz 8GB RAM 500 HD,PROPIO,ACTIVO
6,5,KXNT551X,ODATJ132522,Panasonic Teléfono IP KX-NT551X Alámbrico 8 Teclas Programables Altavoz NEGRO,PROPIO,ACTIVO
3,1,VOSTRO 3468,DFCH1P2,PORTATIL DELL VOTRO 14-3468 PROCESADOR CI5 7200U DD 1TB RAM 8GB W10P,ARRENDADO,ACTIVO
1,1,VOSTRO 3470,JFVTQX2,DESKTOP DELL VOSTRO 3470 CI5-8400 4 GB RAM 1TB DD W10PRO 64 BIT,ARRENDADO,ACTIVO
2,1,E2016HV,BFCPCX2 / CN-07XJH5-FCC00-96H-DT3U-A05,"MONITOR LED DELL 20 E2016HV/ 9.5"" 1600X900/ CABLE VGA 3 WTY",ARRENDADO,ACTIVO
6,5,KXNT551X,9KBTI128536,Panasonic Teléfono IP KX-NT551X Alámbrico 8 Teclas Programables Altavoz NEGRO,PROPIO,ACTIVO
1,1,OPTIPLEX 3080,B627K93,Computadora Dell optiplex 3000 3080 intel core i5 10a Gen i5 10500 Hexa core (6 core) 3.10 GHZ 8 GB Ram DDR4 SDRAM 1TB HDD formato pequeño negro windows 10 Pro 64 bit intel DDR4 SDRAM fabadora DVD español teclado 200W ,ARRENDADO,ACTIVO
2,1,E2020H,DZFGF23,"Monitor Dell E2020H 19.5"" LED 1600X900 VGA/DP 3WTY (INCLUYE CABLE)",ARRENDADO,ACTIVO
2,10,S19C150,ZYGFH4LD902784R,NI,PROPIO,ACTIVO
1,12,NA,NV,,PROPIO,ACTIVO
1,1,VOSTRO 3470,HWJMZT2,"COMPUTADORA DELL VOSTRO 3470 CORE-I5 8400 8A GENERACION MEMORIA RAM DE 4GB DDR4 2666MHZ HASTA 32GB OPCIONAL DISCO DURO DE 1TB 3.5"" (7200RPM) SATA TARJETA DE VIDEO INTEGRADA INTEL UHD 630 UNIDAD MULTIMEDIA DVD+/-RW W10PRO GARANTIA 1 AÑO",ARRENDADO,ACTIVO
2,1,E2016HV,J084CX2 / CN-07XJH5-FCC00-964-AKEU-A05,MONITOR LED DELL 20 E2016HV/ 19.5¨ 1600x900/ 60 HZ /SOLO TIENE CONEXIO VGA,ARRENDADO,ACTIVO
3,1,VOSTRO 5471,H1MXM42,"LAPTOP DELL VOSTRO 5471 14"" FULL HD INTEL CORE I5-8250U 1.60GHZ 4GB 16GB OPTANE  1TB W10PRO 64-BITS",ARRENDADO,ACTIVO
6,5,KXNT551X,OAATJ130197,Panasonic Teléfono IP KX-NT551X Alámbrico 8 Teclas Programables Altavoz NEGRO,PROPIO,ACTIVO
1,23,GB-300,NV,Microsoft Windows 7 Professional Intel(R) Core(TM) i5-4460 CPU @ 3.20GHz RAM 4gb  Disco Duro 500 gb.,PROPIO,ACTIVO
2,8,V206HQL,MMLY6AM001541162348504,,PROPIO,ACTIVO
1,1,VOSTRO 3470,D3NDZT2,"COMPUTADORA DELL VOSTRO 3470 CORE-I5 8400 8A GENERACION MEMORIA RAM DE 4GB DDR4 2666MHZ HASTA 32GB OPCIONAL DISCO DURO DE 1TB 3.5"" (7200RPM) SATA TARJETA DE VIDEO INTEGRADA INTEL UHD 630 UNIDAD MULTIMEDIA DVD+/-RW W10PRO GARANTIA 1 AÑO",ARRENDADO,ACTIVO
2,1,E2016HV,D184CX2 / CN-07XJH5-FCC00-964-AKUU-A05,"MONITOR LED DELL 20 E2016HV / 19.5"" 1600 X 900 / 60 HZ / SOLO TIENE CONEXIÓN VGA",PROPIO,ACTIVO
1,1,VOSTRO 3470, HMGCZT2,"COMPUTADORA DELL VOSTRO 3470 CORE-I5 8400 8A GENERACION MEMORIA RAM DE 4GB DDR4 2666MHZ HASTA 32GB OPCIONAL DISCO DURO DE 1TB 3.5"" (7200RPM) SATA TARJETA DE VIDEO INTEGRADA INTEL UHD 630 UNIDAD MULTIMEDIA DVD+/-RW W10PRO GARANTIA 1 AÑO",ARRENDADO,ACTIVO
2,1,E2016HV,5FCC00964C9TU,"MONITOR LED DELL 20 E2016HW / 19.5"" 1600 X 900 / 60 HZ / SOLO TIENE CONEXIÓN VGA",ARRENDADO,ACTIVO
3,1,LATITUDE 3410,9RBTC63,"Portatil Dell Latitude 3000 3410 39.6 (15.6"") HD 1366X768 intel core i5 (10a gen) i5-10210U Quad-core (4 core) 1.60 Ghz 8 gb Ram 1TB HDD negro windows 10 Pro intel UHD Graphics torsion nemática (TN) español teclado IEEE 802.11 ax wireless LAN standard incluye mochila",ARRENDADO,ACTIVO
3,1,LATITUDE 3410,7QDTC63,"Portatil Dell Latitude 3000 3410 39.6 (15.6"") HD 1366X768 intel core i5 (10a gen) i5-10210U Quad-core (4 core) 1.60 Ghz 8 gb Ram 1TB HDD negro windows 10 Pro intel UHD Graphics torsion nemática (TN) español teclado IEEE 802.11 ax wireless LAN standard incluye mochila",ARRENDADO,ACTIVO
3,1,VOSTRO 3468,F71NBL2,"DELL VOSTRO 3468 CI3 6006U 8GB RAM 1TB DD DVD 14""",ARRENDADO,ACTIVO
3,1,VOSTRO 5471,6FMXM42,"LAPTOP DELL VOSTRO 5471 14"" FULL HD INTEL CORE I5-8250U 1.60GHZ 4GB 16GB OPTANE  1TB W10PRO 64-BITS",ARRENDADO,ACTIVO
1,1,VOSTRO 3470,2R2LZT2,DESKTOP DELL VOSTRO 3470 CI5-8400 4 GB RAM 1TB DD W10PRO 64 BIT,ARRENDADO,ACTIVO
2,1,E2016HV,87B4CX2 / CN-07XJH5-FCC00-964-CW7U-A05,"MONITOR LED DELL 20 E2016HV/ 9.5"" 1600X900/ CABLE VGA 3 WTY",ARRENDADO,ACTIVO
2,8,V206HQL,MMLY6AM001541162388504,,PROPIO,ACTIVO
1,13,ACTIVE COOL,2340000000000,,PROPIO,ACTIVO
3,1,LATITUDE 3410,GLFTC63,"Portatil Dell Latitude 3000 3410 39.6 (15.6"") HD 1366X768 intel core i5 (10a gen) i5-10210U Quad-core (4 core) 1.60 Ghz 8 gb Ram 1TB HDD negro windows 10 Pro intel UHD Graphics torsion nemática (TN) español teclado IEEE 802.11 ax wireless LAN standard incluye mochila",ARRENDADO,ACTIVO
4,22,M3040idn,LSD7725898,Multifuncional Kyocera ECOSYS M3040idn Blanco y Negro Láser Print/Scan/Copy/Fax,ARRENDADO,ACTIVO
2,1,E2016HV,B594CX2 / CN-07XJH5-FCC00-964-C93U-A05,"MONITOR LED DELL 20 E2016HW / 19.5"" 1600 X 900 / 60 HZ / SOLO TIENE CONEXIÓN VGA",ARRENDADO,ACTIVO
4,3,FX-890II,X3YF027410,,PROPIO,ACTIVO
1,13,ACTIVE COOL,2340000000000,Procesador: Intel Core I5-4460 CPU @ 3.20 GHz 4 GB en RAM 500 GB en DD,PROPIO,ACTIVO
3,1,LATITUDE 5590,GCFGTT2,COMPUTADRA PORTATIL DELL LATITUDE 5590 PROCESADOR INTEL CI7-8650U RAM 16GB DDR4 ESTADO SOLIDO 2.5 P 1TB 5400RPM PANTALLA 15.6 W10P,ARRENDADO,ACTIVO
2,8,V213HV,ETLSU0D001102138448510,,PROPIO,STOCK
6,5,KXNT551X,OAATJ130567,Panasonic Teléfono IP KX-NT551X Alámbrico 8 Teclas Programables Altavoz NEGRO,PROPIO,ACTIVO
3,6,ZBOOK 15v G5,CND0527RCF,"Workstation HP ZBOOK 15v G5 15.6"" intel core i7 9750H (hasta 4.5Ghz) memoria 8gb DDR4 disco duro de 1 TB pantalla de 15.6"" Led video Nvidia Quadro P600 S.O. Windows 10 PRO (64 bits) incluye mochila incremento de Ram a 32 gb",ARRENDADO,ACTIVO
1,1,VOSTRO 3470,JDTNJK2,COMPUTADORA DELL VOSTRO 3470 CI5 8400 8AG /RAM 4GB DDR4 2666MHZ HASTA 32 GB /DD 1TB 3.5 7200RPM SATA / TARJETA DE VIDEO INTEGRADA INTEL  UHD 630/ UNIDAD DVDRW/ W10P/,ARRENDADO,ACTIVO
2,8,V206HQL,MMLY6AM00154115F1B8504,,PROPIO,ACTIVO
2,25,S1922A,CNC122PRDZ,,PROPIO,ACTIVO
2,8,V2013HV,ETLSU0D001102138328510,,PROPIO,ACTIVO
10,6,DESIGNJET T129,CN63F7M01K,,PROPIO,ACTIVO
3,1,LATITUDE E5470,53WLJC2,,PROPIO,ACTIVO
1,1,VOSTRO 3470,9YS30T2,COMPUTADORA DELL VOSTRO 3470 CI3 810 3.6GHZ /4GB /1TB / NO MONITOR /DVDRW /  W10P,ARRENDADO,ACTIVO
2,1,E2016HV,4845GS2 / CN-07XJH5-FCC00-8BM-AR1U-A05,MONITOR LED DELL 20 E2016HV/ 19.5¨ 1600x900/ 60 HZ /SOLO TIENE CONEXIO VGA,PROPIO,ACTIVO
1,1,VOSTRO 3470,2VBPJV2,"COMPUTADORA DELL VOSTRO 3470 CORE-I5 8400 8A GENERACION MEMORIA RAM DE 4GB DDR4 2666MHZ HASTA 32GB OPCIONAL DISCO DURO DE 1TB 3.5"" (7200RPM) SATA TARJETA DE VIDEO INTEGRADA INTEL UHD 630 UNIDAD MULTIMEDIA DVD+/-RW W10PRO GARANTIA 1 AÑO",ARRENDADO,ACTIVO
1,1,VOSTRO 3470,HL8GZT2,"COMPUTADORA DELL VOSTRO 3470 CORE-I5 8400 8A GENERACION MEMORIA RAM DE 4GB DDR4 2666MHZ HASTA 32GB OPCIONAL DISCO DURO DE 1TB 3.5"" (7200RPM) SATA TARJETA DE VIDEO INTEGRADA INTEL UHD 630 UNIDAD MULTIMEDIA DVD+/-RW W10PRO GARANTIA 1 AÑO",ARRENDADO,ACTIVO
2,1,E2016HV,J284CX2 / CN-07XJH5-FCC00-964-ALHU-A05,"MONITOR LED DELL 20 E2016HW / 19.5"" 1600 X 900 / 60 HZ / SOLO TIENE CONEXIÓN VGA",ARRENDADO,ACTIVO
2,1,E2016HV,C694CX2 / CN-07XJH5-FCC00-964-C9MU-A05,"MONITOR LED DELL 20 E2016HW / 19.5"" 1600 X 900 / 60 HZ / SOLO TIENE CONEXIÓN VGA",ARRENDADO,ACTIVO
1,1,VOSTRO 3470,HW0KZT2,"COMPUTADORA DELL VOSTRO 3470 CORE-I5 8400 8A GENERACION MEMORIA RAM DE 4GB DDR4 2666MHZ HASTA 32GB OPCIONAL DISCO DURO DE 1TB 3.5"" (7200RPM) SATA TARJETA DE VIDEO INTEGRADA INTEL UHD 630 UNIDAD MULTIMEDIA DVD+/-RW W10PRO GARANTIA 1 AÑO",ARRENDADO,ACTIVO
2,1,E2016HV,H594CX2 / CN-07XJH5-FCC00-964-C98U-A05,"MONITOR LED DELL 20 E2016HW / 19.5"" 1600 X 900 / 60 HZ / SOLO TIENE CONEXIÓN VGA",ARRENDADO,ACTIVO
6,5,KXNT551X,9LATJ129729,Panasonic Teléfono IP KX-NT551X Alámbrico 8 Teclas Programables Altavoz NEGRO,PROPIO,ACTIVO
3,1,VOSTRO 3468,F81NBL2,"DELL VOSTRO 3468 CI3 6006U 8GB RAM 1TB DD DVD 14""",ARRENDADO,ACTIVO
2,11,ET0025B,ET9CA07332SL0,"Monitor BENQ ET0025B 14.5""",PROPIO,ACTIVO
1,16,PX-400RMFUN,21103000352,Procesador: Intel® Core™ i5-2310 CPU @2.90 Ghz 4 GB en RAM 80 GB en DD,PROPIO,ACTIVO
1,1,VOSTRO 3470,2V9KJV2,"COMPUTADORA DELL VOSTRO 3470 CORE-I5 8400 8A GENERACION MEMORIA RAM DE 4GB DDR4 2666MHZ HASTA 32GB OPCIONAL DISCO DURO DE 1TB 3.5"" (7200RPM) SATA TARJETA DE VIDEO INTEGRADA INTEL UHD 630 UNIDAD MULTIMEDIA DVD+/-RW W10PRO GARANTIA 1 AÑO",ARRENDADO,ACTIVO
2,1,E2016HV,5FCC00964AKVU,"MONITOR LED DELL 20 E2016HW / 19.5"" 1600 X 900 / 60 HZ / SOLO TIENE CONEXIÓN VGA",ARRENDADO,ACTIVO
4,3,FX-890,NZBY123388,,PROPIO,ACTIVO
1,1,VOSTRO 3470,4JSDZT2,"COMPUTADORA DELL VOSTRO 3470 CORE-I5 8400 8A GENERACION MEMORIA RAM DE 4GB DDR4 2666MHZ HASTA 32GB OPCIONAL DISCO DURO DE 1TB 3.5"" (7200RPM) SATA TARJETA DE VIDEO INTEGRADA INTEL UHD 630 UNIDAD MULTIMEDIA DVD+/-RW W10PRO GARANTIA 1 AÑO",ARRENDADO,ACTIVO
2,1,E2016HV,5694CX3 / CN-07XJH5-FCC00-964-C9FU-A05,"MONITOR LED DELL 20 E2016HV / 19.5"" 1600 X 900 / 60 HZ / SOLO TIENE CONEXIÓN VGA",PROPIO,ACTIVO
3,1,VOSTRO 3459,G5R6WF2,VOSTRO 3459 CORE I5-6200U 2.3GHz 8GB RAM 1TB HD DVDRW 14.0in LED,PROPIO,STOCK
1,13,ACTIVE COOL,2340000000000,Procesador: Intel Core I5-4460 CPU @ 3.20 GHz 4 GB en RAM 500 GB en DD,PROPIO,ACTIVO
2,8,V206HQL,MMLY6AM001541161D68504,,PROPIO,ACTIVO
6,5,KXNT551X,9KBTI128587,Panasonic Teléfono IP KX-NT551X Alámbrico 8 Teclas Programables Altavoz NEGRO,PROPIO,ACTIVO
3,1,VOSTRO 5471,DTLXM42,"LAPTOP DELL VOSTRO 5471 14"" FULL HD INTEL CORE I5-8250U 1.60GHZ 4GB 16GB OPTANE  1TB W10PRO 64-BITS",ARRENDADO,ACTIVO
6,5,KXNT551X,9KBTI128355,Panasonic Teléfono IP KX-NT551X Alámbrico 8 Teclas Programables Altavoz NEGRO,PROPIO,ACTIVO
1,1,VOSTRO 3470,HNHFZT2,"COMPUTADORA DELL VOSTRO 3470 CORE-I5 8400 8A GENERACION MEMORIA RAM DE 4GB DDR4 2666MHZ HASTA 32GB OPCIONAL DISCO DURO DE 1TB 3.5"" (7200RPM) SATA TARJETA DE VIDEO INTEGRADA INTEL UHD 630 UNIDAD MULTIMEDIA DVD+/-RW W10PRO GARANTIA 1 AÑO",ARRENDADO,ACTIVO
2,1,E2016HV,5FCC00964AF1U,"MONITOR LED DELL 20 E2016HW / 19.5"" 1600 X 900 / 60 HZ / SOLO TIENE CONEXIÓN VGA",ARRENDADO,ACTIVO
1,1,VOSTRO 3470,CSVXQX2,"COMPUTADORA DELL VOSTRO 3470 CORE-I5 8400 8A GENERACION MEMORIA RAM DE 4GB DDR4 2666MHZ HASTA 32GB OPCIONAL DISCO DURO DE 1TB 3.5"" (7200RPM) SATA TARJETA DE VIDEO INTEGRADA INTEL UHD 630 UNIDAD MULTIMEDIA DVD+/-RW W10PRO GARANTIA 1 AÑO",ARRENDADO,ACTIVO
2,1,E2016HV,5FCC00964AKHU,"MONITOR LED DELL 20 E2016HW / 19.5"" 1600 X 900 / 60 HZ / SOLO TIENE CONEXIÓN VGA",ARRENDADO,ACTIVO
1,1,VOSTRO 3470,HNNDZT2,"COMPUTADORA DELL VOSTRO 3470 CORE-I5 8400 8A GENERACION MEMORIA RAM DE 4GB DDR4 2666MHZ HASTA 32GB OPCIONAL DISCO DURO DE 1TB 3.5"" (7200RPM) SATA TARJETA DE VIDEO INTEGRADA INTEL UHD 630 UNIDAD MULTIMEDIA DVD+/-RW W10PRO GARANTIA 1 AÑO",ARRENDADO,ACTIVO
2,1,E2016HV,6794CX2 / CN-07XJH5-FCC00-964-CA2U-A05,"MONITOR LED DELL 20 E2016HW / 19.5"" 1600 X 900 / 60 HZ / SOLO TIENE CONEXIÓN VGA",ARRENDADO,ACTIVO
4,6,LASERJET 1300,CNBK651290,IMPRESORA LASERTJET 1300 MEMORIA DE 16MB CALIDAD DE IMORESION 1.200X1.200 PPP VELOSCIDAD DE IMPRESIÓN 20 PPM,PROPIO,ACTIVO
1,1,VOSTRO 3470,HLGLZT2,"COMPUTADORA DELL VOSTRO 3470 CORE-I5 8400 8A GENERACION MEMORIA RAM DE 4GB DDR4 2666MHZ HASTA 32GB OPCIONAL DISCO DURO DE 1TB 3.5"" (7200RPM) SATA TARJETA DE VIDEO INTEGRADA INTEL UHD 630 UNIDAD MULTIMEDIA DVD+/-RW W10PRO GARANTIA 1 AÑO",ARRENDADO,ACTIVO
2,1,E2016HV,9594CX2,"MONITOR LED DELL 20 E2016HW / 19.5"" 1600 X 900 / 60 HZ / SOLO TIENE CONEXIÓN VGA",ARRENDADO,ACTIVO
3,1,VOSTRO 3468,3J4TLJ2,Computadora Portatil Intel(R) Core(TM) i5-7200U CPU @ 2.50GHz 4 GB de RAM 1TB de Disco,PROPIO,ACTIVO
2,1,E2016HV,6PM1ZP2 / CN-034XWX-FCC00-86N-A3KU-A04,HPFS-651 - MONITOR LED DELL 20 E2016HV / 19.5 PULGADAS/ 1600 X 900 / 60 HZ,ARRENDADO,ACTIVO
1,1,VOSTRO 3470,2V7KJV2,"COMPUTADORA DELL VOSTRO 3470 CORE-I5 8400 8A GENERACION MEMORIA RAM DE 4GB DDR4 2666MHZ HASTA 32GB OPCIONAL DISCO DURO DE 1TB 3.5"" (7200RPM) SATA TARJETA DE VIDEO INTEGRADA INTEL UHD 630 UNIDAD MULTIMEDIA DVD+/-RW W10PRO GARANTIA 1 AÑO",ARRENDADO,ACTIVO
2,1,E2016HV,D794CX2 / CN-07XJH5-FCC00-964-CA8U-A05,"MONITOR LED DELL 20 E2016HW / 19.5"" 1600 X 900 / 60 HZ / SOLO TIENE CONEXIÓN VGA",ARRENDADO,ACTIVO
3,1,LATITUDE 3410,7LFTC63,"Portatil Dell Latitude 3000 3410 39.6 (15.6"") HD 1366X768 intel core i5 (10a gen) i5-10210U Quad-core (4 core) 1.60 Ghz 8 gb Ram 1TB HDD negro windows 10 Pro intel UHD Graphics torsion nemática (TN) español teclado IEEE 802.11 ax wireless LAN standard incluye mochila",ARRENDADO,ACTIVO
1,1,VOSTRO 3470,D1HCZT2,"COMPUTADORA DELL VOSTRO 3470 CORE-I5 8400 8A GENERACION MEMORIA RAM DE 4GB DDR4 2666MHZ HASTA 32GB OPCIONAL DISCO DURO DE 1TB 3.5"" (7200RPM) SATA TARJETA DE VIDEO INTEGRADA INTEL UHD 630 UNIDAD MULTIMEDIA DVD+/-RW W10PRO GARANTIA 1 AÑO",ARRENDADO,ACTIVO
2,1,E2016HV,5FCC00964AL5UA05,"MONITOR LED DELL 20 E2016HW / 19.5"" 1600 X 900 / 60 HZ / SOLO TIENE CONEXIÓN VGA",ARRENDADO,ACTIVO
6,5,KXNT551X,OCBTJ132203,Panasonic Teléfono IP KX-NT551X Alámbrico 8 Teclas Programables Altavoz NEGRO,PROPIO,ACTIVO
3,1,VOSTRO 5471,CWLXM42,"COMPUTADORA PORTATIL DELL VOSTRO 5471 PROCESADOR CORE I5 8250U MEMORIA 4GB + 16OPTANE DISCO DURO 1TB PANTALLA DE 14"" W10PRO 1 DE GARANTIA  ",ARRENDADO,ACTIVO
3,1,LATITUDE 3410,3NFTC63,"Portatil Dell Latitude 3000 3410 39.6 (15.6"") HD 1366X768 intel core i5 (10a gen) i5-10210U Quad-core (4 core) 1.60 Ghz 8 gb Ram 1TB HDD negro windows 10 Pro intel UHD Graphics torsion nemática (TN) español teclado IEEE 802.11 ax wireless LAN standard incluye mochila",ARRENDADO,ACTIVO
4,22,FS6021cdn,LW35Y05706,Multifuncional Kyocera ECOSYS M3040idn Blanco y Negro Láser Print/Scan/Copy/Fax,ARRENDADO,ACTIVO
5,3,H719A,NI,Sistema de proyección Tecnología 3LCDPantalla LCD 055 pulgada,PROPIO,ACTIVO
3,1,LATITUDE 3410,6YWQC63,"Portatil Dell Latitude 3000 3410 39.6 (15.6"") HD 1366X768 intel core i5 (10a gen) i5-10210U Quad-core (4 core) 1.60 Ghz 8 gb Ram 1TB HDD negro windows 10 Pro intel UHD Graphics torsion nemática (TN) español teclado IEEE 802.11 ax wireless LAN standard incluye mochila",ARRENDADO,ACTIVO
3,1,LATITUDE 3410,C85QC63,"Portatil Dell Latitude 3000 3410 39.6 (15.6"") HD 1366X768 intel core i5 (10a gen) i5-10210U Quad-core (4 core) 1.60 Ghz 8 gb Ram 1TB HDD negro windows 10 Pro intel UHD Graphics torsion nemática (TN) español teclado IEEE 802.11 ax wireless LAN standard incluye mochila",ARRENDADO,ACTIVO
1,1,VOSTRO 3470,4HVHZT2,"COMPUTADORA DELL VOSTRO 3470 CORE-I5 8400 8A GENERACION MEMORIA RAM DE 4GB DDR4 2666MHZ HASTA 32GB OPCIONAL DISCO DURO DE 1TB 3.5"" (7200RPM) SATA TARJETA DE VIDEO INTEGRADA INTEL UHD 630 UNIDAD MULTIMEDIA DVD+/-RW W10PRO GARANTIA 1 AÑO",ARRENDADO,ACTIVO
2,1,E2016HV,5FCC00964CA7U,"MONITOR LED DELL 20 E2016HW / 19.5"" 1600 X 900 / 60 HZ / SOLO TIENE CONEXIÓN VGA",ARRENDADO,ACTIVO
3,1,VOSTRO 3460,24X8VW1,VOSTRO 3460 CORE I5-3210 2.5GHz 4GB RAM 500GB HD DVDRW 14 LED,PROPIO,ACTIVO
4,3,FX-890,NZBY094709,,PROPIO,ACTIVO
4,26,,,,ARRENDADO,ACTIVO
4,22,ECOSYS M5521cdn,VDW9Z01827,,PROPIO,ACTIVO
1,1,VOSTRO 3470,4HHFZT2,"COMPUTADORA DELL VOSTRO 3470 CORE-I5 8400 8A GENERACION MEMORIA RAM DE 4GB DDR4 2666MHZ HASTA 32GB OPCIONAL DISCO DURO DE 1TB 3.5"" (7200RPM) SATA TARJETA DE VIDEO INTEGRADA INTEL UHD 630 UNIDAD MULTIMEDIA DVD+/-RW W10PRO GARANTIA 1 AÑO",ARRENDADO,ACTIVO
2,1,E2016HV,G794CX2 / CN-07XJH5-FCC00-964-CAAU-A05,"MONITOR LED DELL 20 E2016HW / 19.5"" 1600 X 900 / 60 HZ / SOLO TIENE CONEXIÓN VGA",ARRENDADO,ACTIVO
6,5,KXNT551X,OAATJ130540,Panasonic Teléfono IP KX-NT551X Alámbrico 8 Teclas Programables Altavoz NEGRO,PROPIO,ACTIVO
1,6,280 G2 SFF,4CE7443JK8,HP280 G2 CORE I3-6100 3.7 GHz 4GB RAM 1TB HD DVDRW GbNIC,PROPIO,ACTIVO
2,8,V206HQL,MMLY6AM0017200A8BA8509,,PROPIO,ACTIVO
3,1,LATITUDE 3410,CJXQC63,"Portatil Dell Latitude 3000 3410 39.6 (15.6"") HD 1366X768 intel core i5 (10a gen) i5-10210U Quad-core (4 core) 1.60 Ghz 8 gb Ram 1TB HDD negro windows 10 Pro intel UHD Graphics torsion nemática (TN) español teclado IEEE 802.11 ax wireless LAN standard incluye mochila",ARRENDADO,ACTIVO
2,6,V203p ,6CM6381PJR,V203p 19.53in LED IPS LCD Monitor 0.30mm PP 1440x900@60Hz,PROPIO,ACTIVO
6,5,KXNT551X,9KBTI128599,Panasonic Teléfono IP KX-NT551X Alámbrico 8 Teclas Programables Altavoz NEGRO,PROPIO,ACTIVO
3,1,VOSTRO 3468,88L00P2,LAPTOP DELL VOSTRO 3468 W10P CI3-7020U 8GB 1TB DVDRW 1TWTY,ARRENDADO,ACTIVO
6,5,KXNT551X,9KBTI128632,Panasonic Teléfono IP KX-NT551X Alámbrico 8 Teclas Programables Altavoz NEGRO,PROPIO,ACTIVO
3,1,LATITUDE 5590,63XGTT2,COMPUTADRA PORTATIL DELL LATITUDE 5590 PROCESADOR INTEL CI7-8650U RAM 16GB DDR4 ESTADO SOLIDO 2.5 P 1TB 5400RPM PANTALLA 15.6 W10P,ARRENDADO,ACTIVO
2,10,S19D300NY,02CSHCKF806780F,"MONITOR SAMSUNG LSD LS19D300 19.5""",PROPIO,ACTIVO
2,1,E2016HV,G494CX2,"MONITOR LED DELL 20 E2016HW / 19.5"" 1600 X 900 / 60 HZ / SOLO TIENE CONEXIÓN VGA",ARRENDADO,ACTIVO
1,1,VOSTRO 3470,HMTJZT2,"COMPUTADORA DELL VOSTRO 3470 CORE-I5 8400 8A GENERACION MEMORIA RAM DE 4GB DDR4 2666MHZ HASTA 32GB OPCIONAL DISCO DURO DE 1TB 3.5"" (7200RPM) SATA TARJETA DE VIDEO INTEGRADA INTEL UHD 630 UNIDAD MULTIMEDIA DVD+/-RW W10PRO GARANTIA 1 AÑO",PROPIO,ACTIVO
4,6, LASERJET P2035n,VNB3C37775,IMPRESORA MULTIFUNCIONALHP LASERJET PRO,PROPIO,ACTIVO
4,3,FX-890,NZBY039448,,PROPIO,ACTIVO
3,1,LATITUDE 3410,1VDTC63,"Portatil Dell Latitude 3000 3410 39.6 (15.6"") HD 1366X768 intel core i5 (10a gen) i5-10210U Quad-core (4 core) 1.60 Ghz 8 gb Ram 1TB HDD negro windows 10 Pro intel UHD Graphics torsion nemática (TN) español teclado IEEE 802.11 ax wireless LAN standard incluye mochila",ARRENDADO,ACTIVO
3,1,INSPIRON 3437,584YLW1,Computadora Portatil Instpiron 3437 Intel(R) Core(TM) i5-4200U CPU @ 1.60GHz 4GB de RAM 1TB de Disco,PROPIO,ACTIVO
6,5,KXNT551X,9LATJ129733,Panasonic Teléfono IP KX-NT551X Alámbrico 8 Teclas Programables Altavoz NEGRO,PROPIO,ACTIVO
3,1,LATITUDE 5590,BQXMTT2,COMPUTADRA PORTATIL DELL LATITUDE 5590 PROCESADOR INTEL CI7-8650U RAM 16GB DDR4 ESTADO SOLIDO 2.5 P 1TB 5400RPM PANTALLA 15.6 W10P,ARRENDADO,ACTIVO
2,8,V193W,ETLHV0D160210159C68509,"Monitor  LCD ACER V193W EJB 19.5""",PROPIO,ACTIVO
3,1,VOSTRO 1540,3CG2NT1,Computadora portatil Vostro 1540 Intel(R) Core(TM) i3 CPU M 380 @ 2.53GHz 6GB de RAM Disco de 698.6 GB,PROPIO,ACTIVO
2,1,E2016HV,H494CX2 / CN-07XJH5-FCC00-964-C8NU-A05,MONITOR LED DELL 20 E2016HV/ 19.5¨ 1600x900/ 60 HZ /SOLO TIENE CONEXIO VGA,ARRENDADO,ACTIVO
1,27,NA,2340000000000,,PROPIO,ACTIVO
4,3,FX-890,NZBYQ87416,IMPRESORA DE MATRIZ DE PUNTOS,PROPIO,STOCK
1,1,VOSTRO 3470,HLVKZT2,"COMPUTADORA DELL VOSTRO 3470 CORE-I5 8400 8A GENERACION MEMORIA RAM DE 4GB DDR4 2666MHZ HASTA 32GB OPCIONAL DISCO DURO DE 1TB 3.5"" (7200RPM) SATA TARJETA DE VIDEO INTEGRADA INTEL UHD 630 UNIDAD MULTIMEDIA DVD+/-RW W10PRO GARANTIA 1 AÑO",ARRENDADO,ACTIVO
2,1,E2016HV,G084CX2 / CN-07XJH5-FCC00-964-AKCU-A05,"MONITOR LED DELL 20 E2016HW / 19.5"" 1600 X 900 / 60 HZ / SOLO TIENE CONEXIÓN VGA",ARRENDADO,ACTIVO
4,3,L220,VGNK375259,IMPRESORA  EPSON ECOTANK L220 CON SISTEMA DE TINTA ECOFIT,PROPIO,ACTIVO
1,6,280 G2,4CE7191MCQ,HP280 G2 CORE I3-6100 3.7 GHz 4GB RAM 1TB HD DVDRW GbNIC,PROPIO,ACTIVO
2,28,19M38A,712NTZN2S325,,PROPIO,ACTIVO
1,1,VOSTRO 3470,HMGDZT2,"COMPUTADORA DELL VOSTRO 3470 CORE-I5 8400 8A GENERACION MEMORIA RAM DE 4GB DDR4 2666MHZ HASTA 32GB OPCIONAL DISCO DURO DE 1TB 3.5"" (7200RPM) SATA TARJETA DE VIDEO INTEGRADA INTEL UHD 630 UNIDAD MULTIMEDIA DVD+/-RW W10PRO GARANTIA 1 AÑO",ARRENDADO,ACTIVO
2,1,E2016HV,8494CX2 / CN-07XJH5-FCC00-964-C8FU-A05,"MONITOR LED DELL 20 E2016HW / 19.5"" 1600 X 900 / 60 HZ / SOLO TIENE CONEXIÓN VGA",ARRENDADO,ACTIVO
4,3,FX-890,E8BY308152,,PROPIO,ACTIVO
4,22,ECOSYS M26401DW,33481609076,,ARRENDADO,ACTIVO
2,6,HP P202va,3CQ7012CG8,,PROPIO,ACTIVO
1,6,280 G2SFF Business PC,4CE7061FHN,HP280 G2 CORE I3-6100 3.7 GHz 4GB RAM 1TB HD DVDRW,PROPIO,ACTIVO
1,6,280 G2 SFF,4CE7061FHC,HP280 G2 CORE I3-6100 3.7 GHz 4GB RAM 1TB HD DVDRW GbNIC,PROPIO,ACTIVO
2,8,V206HQL,MMLY6AM00154115F2D8504,,PROPIO,ACTIVO
3,1,VOSTRO 5471,4YLXM42,"COMPUTADORA PORTATIL DELL VOSTRO 5471 PROCESADOR CORE I5 8250U MEMORIA 4GB + 16OPTANE DISCO DURO 1TB PANTALLA DE 14"" W10PRO 1 DE GARANTIA  ",ARRENDADO,ACTIVO
4,29,BIZHUD 200,A0RC0Y3006540,IMPRESORA RENTADA,ARRENDADO,ACTIVO
4,6,Laserjet 1300,CNBK54204,IMPRESORA LASERTJET 1300 MEMORIA DE 16MB CALIDAD DE IMORESION 1.200X1.200 PPP VELOSCIDAD DE IMPRESIÓN 20 PPM,PROPIO,ACTIVO
2,1,E2016HV,5FCC00964C8YU,"MONITOR LED DELL 20 E2016HW / 19.5"" 1600 X 900 / 60 HZ / SOLO TIENE CONEXIÓN VGA",ARRENDADO,ACTIVO
1,1,VOSTRO 3470,HMXCZT2,"COMPUTADORA DELL VOSTRO 3470 CORE-I5 8400 8A GENERACION MEMORIA RAM DE 4GB DDR4 2666MHZ HASTA 32GB OPCIONAL DISCO DURO DE 1TB 3.5"" (7200RPM) SATA TARJETA DE VIDEO INTEGRADA INTEL UHD 630 UNIDAD MULTIMEDIA DVD+/-RW W10PRO GARANTIA 1 AÑO",ARRENDADO,ACTIVO
4,3,FX-890,NZBY110173,IMPRESORA DE MATRIZ DE PUNTOS,PROPIO,ACTIVO
6,5,KXNT551X,9LATJ129693,Panasonic Teléfono IP KX-NT551X Alámbrico 8 Teclas Programables Altavoz NEGRO,PROPIO,ACTIVO
3,1,VOSTRO 5471,55MXM42,"LAPTOP DELL VOSTRO 5471 14"" FULL HD INTEL CORE I5-8250U 1.60GHZ 4GB 16GB OPTANE  1TB W10PRO 64-BITS",ARRENDADO,ACTIVO
1,1,VOSTRO 3470,HL5HZT2,"COMPUTADORA DELL VOSTRO 3470 CORE-I5 8400 8A GENERACION MEMORIA RAM DE 4GB DDR4 2666MHZ HASTA 32GB OPCIONAL DISCO DURO DE 1TB 3.5"" (7200RPM) SATA TARJETA DE VIDEO INTEGRADA INTEL UHD 630 UNIDAD MULTIMEDIA DVD+/-RW W10PRO GARANTIA 1 AÑO",ARRENDADO,ACTIVO
2,1,E2016HV,C394CX2 / CN-07XJH5-FCC00-964-C81U-A05,"MONITOR LED DELL 20 E2016HW / 19.5"" 1600 X 900 / 60 HZ / SOLO TIENE CONEXIÓN VGA",ARRENDADO,ACTIVO
4,3,FX-890,NZBY068108,IMPRESORA DE MATRIZ DE PUNTOS,PROPIO,ACTIVO
6,5,KXNT551X,9KBTI128628,Panasonic Teléfono IP KX-NT551X Alámbrico 8 Teclas Programables Altavoz NEGRO,PROPIO,ACTIVO
3,1,LATITUDE 3410,CVDTC63,"Portatil Dell Latitude 3000 3410 39.6 (15.6"") HD 1366X768 intel core i5 (10a gen) i5-10210U Quad-core (4 core) 1.60 Ghz 8 gb Ram 1TB HDD negro windows 10 Pro intel UHD Graphics torsion nemática (TN) español teclado IEEE 802.11 ax wireless LAN standard incluye mochila",ARRENDADO,ACTIVO
1,1,OPTIPLEX 3080,HP14N83,Computadora Dell optiplex 3000 3080 intel core i5 10a Gen i5 10500 Hexa core (6 core) 3.10 GHZ 8 GB Ram DDR4 SDRAM 1TB HDD formato pequeño negro windows 10 Pro 64 bit intel DDR4 SDRAM fabadora DVD español teclado 200W ,ARRENDADO,ACTIVO
2,1,E2020H,8LGGF23 / CN-08RWX5-QDC00-0AU-37EI-A03,"Monitor Dell E2020H 19.5"" LED 1600X900 VGA/DP 3WTY (INCLUYE CABLE)",ARRENDADO,ACTIVO
3,1,VOSTRO 3468,D41NBL2,"DELL VOSTRO 3468 CI3 6006U 8GB RAM 1TB DD DVD 14""",ARRENDADO,ACTIVO
2,1,E2016HV,C284CX2 / CN-07XJH5-FCC00-964-ALCU-A05,"MONITOR LED DELL 20 E2016HW / 19.5"" 1600 X 900 / 60 HZ / SOLO TIENE CONEXIÓN VGA",ARRENDADO,ACTIVO
1,1,VOSTRO 3470,2R3HZT2,"COMPUTADORA DELL VOSTRO 3470 CORE-I5 8400 8A GENERACION MEMORIA RAM DE 4GB DDR4 2666MHZ HASTA 32GB OPCIONAL DISCO DURO DE 1TB 3.5"" (7200RPM) SATA TARJETA DE VIDEO INTEGRADA ",ARRENDADO,ACTIVO
3,1,VOSTRO 3459,2VC6WF2,VOSTRO 3459 CORE I5-6200U 2.3GHz 8GB RAM 1TB HD DVDRW 14.0in LED,PROPIO,ACTIVO
3,1,VOSTRO 5471,1LMXM42,"COMPUTADORA PORTATIL DELL VOSTRO 5471 PROCESADOR CORE I5 8250U MEMORIA 4GB + 16OPTANE DISCO DURO 1TB PANTALLA DE 14"" W10PRO 1 DE GARANTIA  ",ARRENDADO,ACTIVO
4,3,L4150,X4D9052497,,PROPIO,ACTIVO
3,1,VOSTRO 3468,JLWHWJ2,"DELL VOSTRO 3468 CI3 6006U 8GB RAM 1TB DD DVD 14""",PROPIO,STOCK
6,5,KXNT551X,9KBTI128481,Panasonic Teléfono IP KX-NT551X Alámbrico 8 Teclas Programables Altavoz NEGRO,PROPIO,ACTIVO
3,1,VOSTRO 5471,8XLXM42,"COMPUTADORA PORTATIL DELL VOSTRO 5471 PROCESADOR CORE I5 8250U MEMORIA 4GB + 16OPTANE DISCO DURO 1TB PANTALLA DE 14"" W10PRO 1 DE GARANTIA  ",ARRENDADO,ACTIVO
1,1,VOSTRO 3470,HLNMZT2,"COMPUTADORA DELL VOSTRO 3470 CORE-I5 8400 8A GENERACION MEMORIA RAM DE 4GB DDR4 2666MHZ HASTA 32GB OPCIONAL DISCO DURO DE 1TB 3.5"" (7200RPM) SATA TARJETA DE VIDEO INTEGRADA INTEL UHD 630 UNIDAD MULTIMEDIA DVD+/-RW W10PRO GARANTIA 1 AÑO",ARRENDADO,ACTIVO
2,1,E2016HV,4P94CX2 / CN-07XJH5-FCC00-964-CJNU-A05,"MONITOR LED DELL 20 E2016HW / 19.5"" 1600 X 900 / 60 HZ / SOLO TIENE CONEXIÓN VGA",ARRENDADO,ACTIVO
3,1,LATITUDE 5590,189GTT2,COMPUTADRA PORTATIL DELL LATITUDE 5590 PROCESADOR INTEL CI7-8650U RAM 16GB DDR4 ESTADO SOLIDO 2.5 P 1TB 5400RPM PANTALLA 15.6 W10P,ARRENDADO,ACTIVO
2,11,GL2250-T,ETJ4D11407019,,PROPIO,ACTIVO
6,5,KXNT551X,9LATJ129639,Panasonic Teléfono IP KX-NT551X Alámbrico 8 Teclas Programables Altavoz NEGRO,PROPIO,ACTIVO
3,1,VOSTRO 3468,641NBL2,"DELL VOSTRO 3468 CI3 6006U 8GB RAM 1TB DD DVD 14""",ARRENDADO,ACTIVO
2,6,V203p ,6CM6381PJJ,V203p 19.53in LED IPS LCD Monitor 0.30mm PP 1440x900@60Hz,PROPIO,ACTIVO
3,6,ZBOOK 15v G5,CND0527RD0,"Workstation HP ZBOOK 15v G5 15.6"" intel core i7 9750H (hasta 4.5Ghz) memoria 8gb DDR4 disco duro de 1 TB pantalla de 15.6"" Led video Nvidia Quadro P600 S.O. Windows 10 PRO (64 bits) incluye mochila incremento de Ram a 32 gb",ARRENDADO,ACTIVO
1,13,ACTIVE COOL,2340000000000,Procesador: Intel Core I5-4460 CPU @ 3.20 GHz 4 GB en RAM 500 GB en DD,PROPIO,ACTIVO
2,7,M2470SWH,GGZJ8HA239615,Monitor AOC M2470SWH LED 23.6'' Full HD Widescreen HDMI Bocinas Integradas (2 x 4W),PROPIO,ACTIVO
1,1,VOSTRO 3470,HLDFZT2,"COMPUTADORA DELL VOSTRO 3470 CORE-I5 8400 8A GENERACION MEMORIA RAM DE 4GB DDR4 2666MHZ HASTA 32GB OPCIONAL DISCO DURO DE 1TB 3.5"" (7200RPM) SATA TARJETA DE VIDEO INTEGRADA INTEL UHD 630 UNIDAD MULTIMEDIA DVD+/-RW W10PRO GARANTIA 1 AÑO",ARRENDADO,ACTIVO
2,1,E2016HV,3594CX2 / CN-07XJH5-FCC00-964-C8UU-A05,"MONITOR LED DELL 20 E2016HW / 19.5"" 1600 X 900 / 60 HZ / SOLO TIENE CONEXIÓN VGA",ARRENDADO,ACTIVO
6,5,KXNT551X,9LATJ129711,Panasonic Teléfono IP KX-NT551X Alámbrico 8 Teclas Programables Altavoz NEGRO,PROPIO,ACTIVO
3,1,VOSTRO 5471,8FMXM42,"COMPUTADORA PORTATIL DELL VOSTRO 5471 PROCESADOR CORE I5 8250U MEMORIA 4GB + 16OPTANE DISCO DURO 1TB PANTALLA DE 14"" W10PRO 1 DE GARANTIA  ",ARRENDADO,ACTIVO
1,1,VOSTRO 3470,HM0HZT2,"COMPUTADORA DELL VOSTRO 3470 CORE-I5 8400 8A GENERACION MEMORIA RAM DE 4GB DDR4 2666MHZ HASTA 32GB OPCIONAL DISCO DURO DE 1TB 3.5"" (7200RPM) SATA TARJETA DE VIDEO INTEGRADA INTEL UHD 630 UNIDAD MULTIMEDIA DVD+/-RW W10PRO GARANTIA 1 AÑO",ARRENDADO,ACTIVO
2,1,E2016HV,1894CX2 / CN-07XJH5-FCC00-964-CAEU-A05,"MONITOR LED DELL 20 E2016HW / 19.5"" 1600 X 900 / 60 HZ / SOLO TIENE CONEXIÓN VGA",ARRENDADO,ACTIVO
4,22,FS6021cdn,LW35Z06022,Multifuncional Kyocera ECOSYS M3040idn Blanco y Negro Láser Print/Scan/Copy/Fax,ARRENDADO,STOCK
3,1,VOSTRO 3468,F61NBL2,"DELL VOSTRO 3468 CI3 6006U 8GB RAM 1TB DD DVD 14""",ARRENDADO,ACTIVO
6,5,KXNT551X,OAATJ130594,Panasonic Teléfono IP KX-NT551X Alámbrico 8 Teclas Programables Altavoz NEGRO,PROPIO,ACTIVO
3,1,LATITUD 5590,C1H53X2,"COMPUTADORA PORTATIL DELL LATITUD 5590 PROCESADOR INTEL CORE I7-8650U A 1.9GHZ MEMORIA 16GB DISCO DURO 1TB PANTALLA 15.6"" NO DVD 3 AÑOS DE GARANTIA",ARRENDADO,ACTIVO
2,15,MG2016,S2016160600366,"MONITOR GHIA MG2016 LCD 19.5""",PROPIO,ACTIVO
6,5,KXNT551X,9LBTI128701,Panasonic Teléfono IP KX-NT551X Alámbrico 8 Teclas Programables Altavoz NEGRO,PROPIO,ACTIVO
1,1,OPTIPLEX 3080,B68FK93,Computadora Dell optiplex 3000 3080 intel core i5 10a Gen i5 10500 Hexa core (6 core) 3.10 GHZ 8 GB Ram DDR4 SDRAM 1TB HDD formato pequeño negro windows 10 Pro 64 bit intel DDR4 SDRAM fabadora DVD español teclado 200W ,ARRENDADO,ACTIVO
2,1,E2020H,3XFGF23,"Monitor Dell E2020H 19.5"" LED 1600X900 VGA/DP 3WTY (INCLUYE CABLE)",ARRENDADO,ACTIVO
6,5,KXNT551X,OAATJ130513,Panasonic Teléfono IP KX-NT551X Alámbrico 8 Teclas Programables Altavoz NEGRO,PROPIO,ACTIVO
1,1,OPTIPLEX 3080,HPBCN83,Computadora Dell optiplex 3000 3080 intel core i5 10a Gen i5 10500 Hexa core (6 core) 3.10 GHZ 8 GB Ram DDR4 SDRAM 1TB HDD formato pequeño negro windows 10 Pro 64 bit intel DDR4 SDRAM fabadora DVD español teclado 200W ,ARRENDADO,ACTIVO
2,1,E2020H,8NFGF23,"Monitor Dell E2020H 19.5"" LED 1600X900 VGA/DP 3WTY (INCLUYE CABLE)",ARRENDADO,ACTIVO
1,1,VOSTRO 3470,9YD30T2,COMPUTADORA DELL VOSTRO 3470 CI3 810 3.6GHZ /4GB /1TB / NO MONITOR /DVDRW /  W10P,ARRENDADO,ACTIVO
2,1,E2016HV,5494CX2/ CN-07XJH5-FCC00-964-C8CU-A05,"MONITOR LED DELL 20 E2016HW / 19.5"" 1600 X 900 / 60 HZ / SOLO TIENE CONEXIÓN VGA",ARRENDADO,ACTIVO
6,5,KXNT551X,9KBTI128625,Panasonic Teléfono IP KX-NT551X Alámbrico 8 Teclas Programables Altavoz NEGRO,PROPIO,ACTIVO
3,1,LATITUDE 5590,H7FGTT2 ,COMPUTADRA PORTATIL DELL LATITUDE 5590 PROCESADOR INTEL CI7-8650U RAM 16GB DDR4 ESTADO SOLIDO 2.5 P 1TB 5400RPM PANTALLA 15.6 W10P,ARRENDADO,ACTIVO
1,1,VOSTRO 3470,HWNMZT2,"COMPUTADORA DELL VOSTRO 3470 CORE-I5 8400 8A GENERACION MEMORIA RAM DE 4GB DDR4 2666MHZ HASTA 32GB OPCIONAL DISCO DURO DE 1TB 3.5"" (7200RPM) SATA TARJETA DE VIDEO INTEGRADA INTEL UHD 630 UNIDAD MULTIMEDIA DVD+/-RW W10PRO GARANTIA 1 AÑO",ARRENDADO,ACTIVO
2,1,E2016HV,8794CX2 / CN-07XJH5-FCC00-964-CA4U-A05,"MONITOR LED DELL 20 E2016HW / 19.5"" 1600 X 900 / 60 HZ / SOLO TIENE CONEXIÓN VGA",ARRENDADO,ACTIVO
6,5,KXNT551X,9KBTI128540,Panasonic Teléfono IP KX-NT551X Alámbrico 8 Teclas Programables Altavoz NEGRO,PROPIO,ACTIVO
3,1,LATITUDE 5500,JD2Z2Z2,"DELL NOTBOOK LATITUDE 5500 W10 PRO 64 BIT INTEL CORE I7-8665U 16 GB RAM 1 TB 5400RPM 15.6"" HD 3 AÑOS DE GARANTIA",ARRENDADO,ACTIVO
1,1,VOSTRO 3470,2W5LJV2,"COMPUTADORA DELL VOSTRO 3470 CORE-I5 8400 8A GENERACION MEMORIA RAM DE 4GB DDR4 2666MHZ HASTA 32GB OPCIONAL DISCO DURO DE 1TB 3.5"" (7200RPM) SATA TARJETA DE VIDEO INTEGRADA INTEL UHD 630 UNIDAD MULTIMEDIA DVD+/-RW W10PRO GARANTIA 1 AÑO",ARRENDADO,ACTIVO
2,1,E2016HV,9694CX2 / CN-07XJH5-FCC00-964-C9KU-A05,"MONITOR LED DELL 20 E2016HW / 19.5"" 1600 X 900 / 60 HZ / SOLO TIENE CONEXIÓN VGA",ARRENDADO,ACTIVO
1,16,,940000000000,,PROPIO,ACTIVO
2,11,ET-0004-1,ETMS702337027,,PROPIO,ACTIVO
6,5,KXNT551X,9KBTI128720,Panasonic Teléfono IP KX-NT551X Alámbrico 8 Teclas Programables Altavoz NEGRO,PROPIO,ACTIVO
3,1,VOSTRO 5471,BRLXM42,"LAPTOP DELL VOSTRO 5471 14"" FULL HD INTEL CORE I5-8250U 1.60GHZ 4GB 16GB OPTANE  1TB W10PRO 64-BITS",ARRENDADO,ACTIVO
1,1,VOSTRO 3470,CV3YQX2,"COMPUTADORA DELL VOSTRO 3470 CORE-I5 8400 8A GENERACION MEMORIA RAM DE 4GB DDR4 2666MHZ HASTA 32GB OPCIONAL DISCO DURO DE 1TB 3.5"" (7200RPM) SATA TARJETA DE VIDEO INTEGRADA INTEL UHD 630 UNIDAD MULTIMEDIA DVD+/-RW W10PRO GARANTIA 1 AÑO",ARRENDADO,ACTIVO
2,1,E2016HV,3694CX2 / CN-07XJH5-FCC00-964-C9DU-A05,"MONITOR LED DELL 20 E2016HW / 19.5"" 1600 X 900 / 60 HZ / SOLO TIENE CONEXIÓN VGA",ARRENDADO,ACTIVO
4,6,DESKJET 6540,MY5BB4Q1GZ,,PROPIO,STOCK
6,5,KXNT551X,OBATJ131062,Panasonic Teléfono IP KX-NT551X Alámbrico 8 Teclas Programables Altavoz NEGRO,PROPIO,ACTIVO
1,1,OPTIPLEX 3080,40YCK93,Computadora Dell optiplex 3000 3080 intel core i5 10a Gen i5 10500 Hexa core (6 core) 3.10 GHZ 8 GB Ram DDR4 SDRAM 1TB HDD formato pequeño negro windows 10 Pro 64 bit intel DDR4 SDRAM fabadora DVD español teclado 200W ,ARRENDADO,ACTIVO
2,1,E2020H,BMGGF23,"Monitor Dell E2020H 19.5"" LED 1600X900 VGA/DP 3WTY (INCLUYE CABLE)",ARRENDADO,ACTIVO
3,1,VOSTRO 5471,F5MXM42,"COMPUTADORA PORTATIL DELL VOSTRO 5471 PROCESADOR CORE I5 8250U MEMORIA 4GB + 16OPTANE DISCO DURO 1TB PANTALLA DE 14"" W10PRO 1 DE GARANTIA  ",ARRENDADO,ACTIVO
1,1,VOSTRO 3470,HM4MZT2,"COMPUTADORA DELL VOSTRO 3470 CORE-I5 8400 8A GENERACION MEMORIA RAM DE 4GB DDR4 2666MHZ HASTA 32GB OPCIONAL DISCO DURO DE 1TB 3.5"" (7200RPM) SATA TARJETA DE VIDEO INTEGRADA INTEL UHD 630 UNIDAD MULTIMEDIA DVD+/-RW W10PRO GARANTIA 1 AÑO",ARRENDADO,ACTIVO
2,1,E2016HV,F594CX2 / CN-07XJH5-FCC00-964-C96U-A05,"MONITOR LED DELL 20 E2016HW / 19.5"" 1600 X 900 / 60 HZ / SOLO TIENE CONEXIÓN VGA",ARRENDADO,ACTIVO
4,3,L3110,,,PROPIO,ACTIVO
1,1,OPTIPLEX 3080,B69LK93,Computadora Dell optiplex 3000 3080 intel core i5 10a Gen i5 10500 Hexa core (6 core) 3.10 GHZ 8 GB Ram DDR4 SDRAM 1TB HDD formato pequeño negro windows 10 Pro 64 bit intel DDR4 SDRAM fabadora DVD español teclado 200W ,ARRENDADO,ACTIVO
2,1,E2020H,42HGF23,"Monitor Dell E2020H 19.5"" LED 1600X900 VGA/DP 3WTY (INCLUYE CABLE)",ARRENDADO,ACTIVO
4,3,FX-890,E8BY290209,,PROPIO,ACTIVO
4,22,FS-2100DN,LQA5829655,,ARRENDADO,ACTIVO
6,5,KXNT551X,OCBTJ132172,Panasonic Teléfono IP KX-NT551X Alámbrico 8 Teclas Programables Altavoz NEGRO,PROPIO,ACTIVO
3,1,VOSTRO 5471,7VLXM42,"COMPUTADORA PORTATIL DELL VOSTRO 5471 PROCESADOR CORE I5 8250U MEMORIA 4GB + 16OPTANE DISCO DURO 1TB PANTALLA DE 14"" W10PRO 1 DE GARANTIA  ",ARRENDADO,ACTIVO
1,1,VOSTRO 3470,HW6LZT2,"COMPUTADORA DELL VOSTRO 3470 CORE-I5 8400 8A GENERACION MEMORIA RAM DE 4GB DDR4 2666MHZ HASTA 32GB OPCIONAL DISCO DURO DE 1TB 3.5"" (7200RPM) SATA TARJETA DE VIDEO INTEGRADA INTEL UHD 630 UNIDAD MULTIMEDIA DVD+/-RW W10PRO GARANTIA 1 AÑO",ARRENDADO,ACTIVO
2,1,E2016HV,9794CX2 / CN-07XJH5-FCC00-964-CA5U-A05,"MONITOR LED DELL 20 E2016HW / 19.5"" 1600 X 900 / 60 HZ / SOLO TIENE CONEXIÓN VGA",ARRENDADO,ACTIVO
1,1,VOSTRO 3470,4JQHZT2 ,"COMPUTADORA DELL VOSTRO 3470 CORE-I5 8400 8A GENERACION MEMORIA RAM DE 4GB DDR4 2666MHZ HASTA 32GB OPCIONAL DISCO DURO DE 1TB 3.5"" (7200RPM) SATA TARJETA DE VIDEO INTEGRADA INTEL UHD 630 UNIDAD MULTIMEDIA DVD+/-RW W10PRO GARANTIA 1 AÑO",ARRENDADO,ACTIVO
2,1,E2016HV,H184CX2 / CN-07XJH5-FCC00-964-AKYU-A05,"MONITOR LED DELL 20 E2016HW / 19.5"" 1600 X 900 / 60 HZ / SOLO TIENE CONEXIÓN VGA",ARRENDADO,ACTIVO
4,3,L3150,X7GP079144,,PROPIO,ACTIVO
1,6,280 G2,4CE6361J4F,HP280 G2 CORE I3-6100 3.7 GHz 4GB RAM 1TB HD DVDRW GbNIC,PROPIO,ACTIVO
2,6,V203p ,6CM6310NHD,V203p 19.53in LED IPS LCD Monitor 0.30mm PP 1440x900@60Hz,PROPIO,ACTIVO
1,1,VOSTRO 3470,2WBRJV2,"COMPUTADORA DELL VOSTRO 3470 CORE-I5 8400 8A GENERACION MEMORIA RAM DE 4GB DDR4 2666MHZ HASTA 32GB OPCIONAL DISCO DURO DE 1TB 3.5"" (7200RPM) SATA TARJETA DE VIDEO INTEGRADA INTEL UHD 630 UNIDAD MULTIMEDIA DVD+/-RW W10PRO GARANTIA 1 AÑO",ARRENDADO,ACTIVO
2,1,E2016HV,2494CX2,"MONITOR LED DELL 20 E2016HW / 19.5"" 1600 X 900 / 60 HZ / SOLO TIENE CONEXIÓN VGA",ARRENDADO,ACTIVO
4,6,LASERJET PRO MFP M127FN,CNB9H7NBW7,,PROPIO,ACTIVO
3,1,VOSTRO 3459,F3CBWF2,VOSTRO 3459 CORE I5-6200U 2.3GHz 8GB RAM 1TB HD DVDRW 14.0in LED,PROPIO,ACTIVO
6,5,KXNT551X,9KBTI128443,Panasonic Teléfono IP KX-NT551X Alámbrico 8 Teclas Programables Altavoz NEGRO,PROPIO,ACTIVO
3,1,VOSTRO 3468,D9J00P2,LAPTOP DELL VOSTRO 3468 W10P CI3-7020U 8GB 1TB DVDRW 1TWTY,ARRENDADO,ACTIVO
2,1,E2016HV,3K45GS2 / CN-07XJH5-FCC00-8BM-AWYU-A05,MONITOR LED DELL 20 E2016HV/ 19.5¨ 1600x900/ 60 HZ /SOLO TIENE CONEXIO VGA,ARRENDADO,ACTIVO
1,1,VOSTRO 3470,JDRLJK2,COMPUTADORA DELL VOSTRO 3470 CI5 8400 8AG /RAM 4GB DDR4 2666MHZ HASTA 32 GB /DD 1TB 3.5 7200RPM SATA / TARJETA DE VIDEO INTEGRADA INTEL  UHD 630/ UNIDAD DVDRW/ W10P/,ARRENDADO,ACTIVO
1,6,280 G2,4CE6361J0L,HP280 G2 CORE I3-6100 3.7 GHz 4GB RAM 1TB HD DVDRW GbNIC,PROPIO,ACTIVO
1,1,VOSTRO 3470,HNRHZT2,"COMPUTADORA DELL VOSTRO 3470 CORE-I5 8400 8A GENERACION MEMORIA RAM DE 4GB DDR4 2666MHZ HASTA 32GB OPCIONAL DISCO DURO DE 1TB 3.5"" (7200RPM) SATA TARJETA DE VIDEO INTEGRADA INTEL UHD 630 UNIDAD MULTIMEDIA DVD+/-RW W10PRO GARANTIA 1 AÑO",ARRENDADO,ACTIVO
2,1,E2016HV,5594CX2,"MONITOR LED DELL 20 E2016HW / 19.5"" 1600 X 900 / 60 HZ / SOLO TIENE CONEXIÓN VGA",ARRENDADO,ACTIVO
4,6,LASERJET PRO MFP M130fw,VNB3S11936,IMPRESORA MULTIFUNCIONALHP LASERJET PRO MFP M130FW,PROPIO,ACTIVO
6,5,KXNT551X,OAATJ130446,Panasonic Teléfono IP KX-NT551X Alámbrico 8 Teclas Programables Altavoz NEGRO,PROPIO,ACTIVO
3,1,VOSTRO 3468,991NBL2,"DELL VOSTRO 3468 CI3 6006U 8GB RAM 1TB DD DVD 14""",ARRENDADO,ACTIVO
4,3,L1110,X5NA042738,,PROPIO,ACTIVO
2,15,MG2018,S0885G211000553,"19.5""",PROPIO,ACTIVO
1,12,NA ,21111010794,,PROPIO,ACTIVO
